State,LGA,Ward,PU-Code,PU-Name,APC,PDP,LP,NNPP,Latitude,Longitude,Outlier_Score,Local_Moran_Significant,Getis_Ord_Significant,Isolation_Forest_Outlier
Osun,IFE EAST,MODAKEKE  II,29-13-09-004,"HOLY SAVIOUR'S PRY. SCHOOL, OKE TUBU",279,120,31,0,7.4793407,4.5441827,3,True,True,True
Osun,EDE SOUTH,ALAJUE I,29-08-04-006,ODE-OKE,113,0,3,207,7.6535525,4.4593791,3,True,True,True
Osun,IREPODUN,BARA 'B',29-20-06-008,BABA ODUNAYO,0,0,0,0,7.9021368,4.5315029,3,True,True,True
Osun,ATAKUMOSA EAST,IWARA,29-01-01-009,OPEN SPACE INFRONT OF OSUN STATE GOVT. REVENUE OFFICE,17,34,0,0,7.522265,4.704799,3,True,True,True
Osun,EDE NORTH,ASUNMO,29-07-10-003,OPEN SPACE OLOSUN COMP. EDE,108,0,6,0,7.7304127,4.4377033,3,True,True,True
Osun,ODO-OTIN,IJABE/ILA ODO,29-25-07-006,IN FRONT OF POSTAL AGENCY ILA-ODO,0,0,0,0,8.0558626,4.698658,3,True,True,True
Osun,EDE NORTH,ASUNMO,29-07-10-007,INFRONT OF ASIPAODE COMPD. OLOSUN,16,42,0,0,7.7338,4.4276,3,True,True,True
Osun,ATAKUMOSA WEST,IFELODUN,29-02-05-001,EPE VILLAGE,2,179,1,0,7.537594,4.6915484,3,True,True,True
Osun,IFE CENTRAL,IREMO/AJEBANDELE,29-11-05-010,"L.A. PRY. SCHOOL, AJEBAMIDELE",135,101,54,2,7.5554803,4.5315029,3,True,True,True
Osun,OLA-OLUWA,OBAMORO/ILE OGO,29-26-07-002,"D.C. PRY. SCHOOL, ILE-OGO II",0,0,0,0,7.7770005,4.2023095,3,True,True,True
Osun,OBOKUN,ESA - ODO,29-24-09-002,ESA-ODO MARKET SQUARE,0,0,0,0,7.7427987,4.819745,3,True,True,True
Osun,OLA-OLUWA,OGBAAGBA  II,29-26-04-004,"COURT HALL, OGBAAGBA II",67,0,3,0,7.6459195,4.2858723,3,True,True,True
Osun,ATAKUMOSA EAST,ETI-ONI,29-01-05-003,"ANG. PRY. SCHOOL, ALARERE",7,165,0,0,7.395267,4.688764,3,True,True,True
Osun,EDE SOUTH,BABASANYA,29-08-07-003,"MOSA/ONIDODO, EDE",0,0,0,0,7.7316888,4.4358752,3,True,True,True
Osun,EDE SOUTH,ALAJUE II,29-08-05-001,ORISUMBARE VILLAGE,0,0,0,0,7.6994918,4.5088227,3,True,True,True
Osun,IREWOLE,IKIRE 'K',29-21-11-001,"IREWOLE MATERNITY, EBUNLA VILLAGE",0,0,0,0,7.3490473,4.177655,3,True,True,True
Osun,IFE EAST,MODAKEKE  III,29-13-10-001,"OGUNSUA GRAM. SCHOOL, ESUYARE",292,137,43,0,7.4813767,4.5244155,3,True,True,True
Osun,IREWOLE,IKIRE 'C',29-21-03-008,"ASIYIN POPO OPEN SPACE, POPO, IKIRE",165,107,5,0,7.4554943,4.2692327,2,True,True,False
Osun,OLA-OLUWA,OGBAAGBA  I,29-26-03-001,"ST. JAMES PRY. SCHOOL, OGBAAGBA I",61,188,3,0,7.7016673,4.251281,2,True,True,False
Osun,OLORUNDA,OWODE  II,29-27-07-003,"ST. JAMES SCHOOL, C",117,108,5,0,7.8582665,4.5727598,2,True,True,False
Osun,IREWOLE,IKIRE 'F',29-21-06-007,"BAPTIST DAY SCHOOL, SANGO, IKIRE I",203,171,6,0,7.6046156,4.1866576,2,True,True,True
Osun,IREWOLE,IKIRE 'J',29-21-10-004,"WASINMI MARKET, WASINMI VILLAGE",147,95,0,0,7.4359887,4.2634618,2,True,True,False
Osun,OLA-OLUWA,ASA AJAGUNLASE,29-26-10-008,"COMM. PRY. SCHOOL, OGUNJA",127,78,0,0,7.818697,4.2025859,2,True,True,False
Osun,OLA-OLUWA,BODE-OSI,29-26-08-004,"ANGLICAN PRY. SCHOOL, ELEPO",0,0,0,0,7.769237,4.270083,2,True,False,True
Osun,EDE SOUTH,BABANLA/AGATE,29-08-01-004,ALUKAGUN COMP. EDE,90,245,6,0,7.7220018,4.4353065,2,True,True,True
Osun,EDE SOUTH,KUYE,29-08-02-002,"KUYE'S COMPOUND, EDE",126,233,0,0,7.7304127,4.4377033,2,True,True,True
Osun,IFE EAST,MOORE,29-13-01-005,"L.A. PRY. SCHOOL, IJIO, OJA IFE",206,101,11,0,7.4955493,4.5000978,2,True,True,False
Osun,IREWOLE,IKIRE 'F',29-21-06-011,"OKIN OPEN SPACE, POPO, IKIRE",95,80,2,0,7.4366325,4.2666678,2,True,True,False
Osun,IREPODUN,BARA 'B',29-20-06-010,BABA ODUNAYO,215,93,0,0,7.9021368,4.5315029,2,True,True,False
Osun,ORIADE,IJEBU-JESA,29-28-03-017,"ERUNKUNIPE HALL, IJEBU-JESA",82,88,4,0,7.6795774,4.8080048,2,True,True,False
Osun,OSOGBO,ATAOJA  'A',29-30-01-015,FARM SETTLEMENT,101,64,2,0,7.7119648,4.5676009,2,True,True,True
Osun,BORIPE,AGBA,29-06-05-007,OLUKORO VILLAGE,54,75,0,0,7.8987758,4.7135268,2,True,True,False
Osun,OSOGBO,ARE-AGO,29-30-08-011,"3,OKE AYEPE",169,103,12,0,7.7579253,4.5634969,2,True,True,False
Osun,OSOGBO,ARE-AGO,29-30-08-002,"10, ISALE AGBARA",150,107,4,0,7.7709035,4.5529779,2,True,True,False
Osun,BORIPE,ISALE ASA IREE,29-06-09-008,"BAPTIST WELFARE CENTRE, IREE",71,103,12,0,7.9349237,4.7258235,2,True,True,False
Osun,BORIPE,OKE AREE,29-06-11-002,"COURT HALL, IREE",92,88,6,0,8.0197744,4.6730947,2,True,True,False
Osun,EDE NORTH,ABOGUNDE/SAGBA,29-07-02-003,FED. POLYTECHNIC IN FRONT OF RAMAT HALL,53,95,33,1,7.7294282,4.4223612,2,True,True,False
Osun,EDE NORTH,ABOGUNDE/SAGBA,29-07-02-005,"L.A. PRY. SCHOOL, ADOGBE",52,49,6,1,7.7389671,4.4258053,2,True,True,False
Osun,IFE EAST,OKEREWE  II,29-13-05-005,AKODI LADELATAN LAFOGIDO STREET,107,103,4,1,7.4802556,4.5605083,2,True,True,False
Osun,IFE EAST,OKEREWE  I,29-13-04-007,"AKODI ADAGBA, ADEGOKE STREET",108,142,21,0,7.4415278,4.5882392,2,True,True,False
Osun,EDE NORTH,OLUSOKUN,29-07-04-009,OLUSOKUN COMPD.,139,236,4,5,7.7451179,4.5057333,2,True,True,True
Osun,EDE NORTH,SABO/AGBONGBE II,29-07-07-001,BESIDE EBELOMO IND.,50,0,14,127,7.7564943,4.4542311,2,True,True,False
Osun,EDE NORTH,OLUSOKUN,29-07-04-010,IDIOMO APENA COMPD.,150,261,4,0,7.7451179,4.5057333,2,True,True,True
Osun,OSOGBO,ATAOJA  'A',29-30-01-014,FARM SETTLEMENT,85,37,2,0,7.7119648,4.5676009,2,True,True,True
Osun,IREPODUN,BARA 'B',29-20-06-006,BABA ODUNAYO,101,97,0,0,7.9021368,4.5315029,2,True,True,False
Osun,EDE NORTH,ALUSEKERE,29-07-05-003,"L.A. PRY. SCHOOL, ALUSEKERE",100,304,3,0,7.7389671,4.4258053,2,True,True,True
Osun,OSOGBO,ATAOJA  'A',29-30-01-012,FARM SETTLEMENT,52,26,1,0,7.7119648,4.5676009,2,True,True,True
Osun,OSOGBO,ATAOJA  'A',29-30-01-011,FARM SETTLEMENT,29,6,0,0,7.7119648,4.5676009,2,True,True,True
Osun,OSOGBO,ATAOJA  'A',29-30-01-010,FARM SETTLEMENT,22,7,0,1,7.7119648,4.5676009,2,True,True,True
Osun,OSOGBO,ATAOJA  'A',29-30-01-008,FARM SETTLEMENT,18,34,3,0,7.7119648,4.5676009,2,True,True,True
Osun,OLA-OLUWA,TELEMU,29-26-01-003,"D.C. PRY. SCHOOL, TELEMU I",146,97,0,0,7.695484,4.330498,2,True,True,False
Osun,OLA-OLUWA,TELEMU,29-26-01-004,"D.C. PRY. SCHOOL, TELEMU II",138,97,4,0,7.695484,4.330498,2,True,True,False
Osun,IFELODUN,OKEBA IKIRUN,29-14-07-002,ESORUN SQUARE II,129,77,2,0,7.938852,4.6502012,2,True,True,False
Osun,EDE SOUTH,OLODAN,29-08-06-001,IDI-ORO VILLAGE,41,98,0,0,7.6368422,4.5057333,2,True,True,False
Osun,IFE CENTRAL,MOORE OJAJA,29-11-11-004,AGBEDE AREA,132,166,0,0,7.5554803,4.5315029,2,True,True,False
Osun,OBOKUN,ILASE/IDOMINASI,29-24-04-013,ILASE DISPENSARY,36,277,3,0,7.7445696,4.6984965,2,True,True,True
Osun,OBOKUN,ILASE/IDOMINASI,29-24-04-007,OORA L.A. PRY. SCHOOL,46,38,5,0,7.7379881,4.6657027,2,True,True,False
Osun,OBOKUN,ILASE/IDOMINASI,29-24-04-003,COKER MARKET SQUARE,94,90,3,0,7.7379881,4.6657027,2,True,True,False
Osun,OBOKUN,ILASE/IDOMINASI,29-24-04-002,ILASE TOWN HALL,28,266,3,0,7.7445696,4.6984965,2,True,True,True
Osun,OBOKUN,ILASE/IDOMINASI,29-24-04-001,ILASE N.U.D. PRY. SCHOOL,35,235,3,1,7.7445696,4.6984965,2,True,True,True
Osun,EJIGBO,IFEODAN 'B'/MASIFA,29-10-08-004,OGURO/IFE ODAN /MASIFA  JUNCTION,191,231,6,0,7.892321,4.2563492,2,True,True,True
Osun,EJIGBO,IFEODAN 'B'/MASIFA,29-10-08-005,"CO-OP. OFFICE, MASIFA",183,214,4,0,7.8930115,4.257288,2,True,True,True
Osun,IFE CENTRAL,IREMO/AJEBANDELE,29-11-05-014,"SPORTS CENTRE, O.A.U",35,3,32,0,7.5174314,4.5227636,2,True,True,True
Osun,IFE CENTRAL,IREMO/AJEBANDELE,29-11-05-013,"POST GRADUATE HALL, O.A.U",45,12,36,1,7.5219993,4.5165631,2,True,True,True
Osun,EJIGBO,ILAWO/ISOKO/ISUNDUNRIN,29-10-09-005,ADEGEEBO/ELEWURE VILLAGE,55,35,0,0,7.861704,4.2435893,2,True,True,False
Osun,EJIGBO,ILAWO/ISOKO/ISUNDUNRIN,29-10-09-006,"ISUNDUNRIN BAPT. DAY SCHOOL,",235,142,7,0,7.9159433,4.2770646,2,True,True,True
Osun,EJIGBO,INISA II/AFAAKE/AYEGUNLE,29-10-11-004,AYEGUNLE KUGBOLA,82,102,0,0,7.8012285,4.3049938,2,True,True,False
Osun,IWO,MOLETE  II,29-23-06-002,AROWOREKI,164,155,3,0,7.640139,4.1769858,2,True,True,False
Osun,IFE CENTRAL,IREMO/AJEBANDELE,29-11-05-004,FAJUYI HALL O.A.U,33,8,58,0,7.517677,4.5176115,2,True,True,True
Osun,IFE CENTRAL,ILARE II,29-11-02-009,"L.A. PRY. SCHOOL, FAJUYI",124,106,30,1,7.4920172,4.5567206,2,True,True,False
Osun,IFE CENTRAL,ILARE II,29-11-02-011,"L.A. PRY. SCHOOL, FAJUYI",0,0,0,0,7.4920172,4.5567206,2,False,True,True
Osun,IWO,GIDIGBO  III,29-23-13-001,"D.C. PRY. SCHOOL, OKE-IFA I",133,153,8,1,7.6372493,4.1727176,2,True,True,False
Osun,IWO,OKE-OBA  II,29-23-15-006,"D.C. PRY. SCHOOL, AGORO VILLAGE",148,57,2,0,7.6040957,4.1870394,2,True,True,False
Osun,IWO,GIDIGBO  III,29-23-13-008,"D.C. PRY. SCHOOL, LAITO",192,152,3,0,7.6401303,4.1769749,2,True,True,False
Osun,IWO,ISALE OBA  III,29-23-03-005,STATE HOSPITAL FIRST GATE,93,176,52,0,7.6401303,4.1769749,2,True,True,False
Osun,IFE CENTRAL,IREMO II (ELEYELE),29-11-06-008,IFE GIRLS HIGH SCHOOL,112,56,37,2,7.4927361,4.5442311,2,True,True,True
Osun,EJIGBO,ELEJIGBO 'D'/EJEMU,29-10-04-008,APANPA AJILA OSUNFIADE,0,0,0,0,7.5128574,4.372894,2,True,True,True
Osun,EDE SOUTH,LOOGUN,29-08-10-003,ALADUN OSUN VILLAGE,11,85,0,0,7.6651122,4.387352,2,True,True,False
Osun,EDE SOUTH,BABASANYA,29-08-07-001,BABASANYA COMP. EDE,80,246,2,0,7.7316888,4.4358752,2,True,True,True
Osun,IFE EAST,MODAKEKE  II,29-13-09-005,"ST. STEPHEN 'A' PRY. SCHOOL, ITASIN AREA",0,0,0,0,7.4777,4.5457,2,True,True,True
Osun,IREWOLE,IKIRE 'K',29-21-11-002,"MOLARERE VILLAGE, OPEN SPACE, MOLARERE VILLAGE",192,149,0,0,7.380836,4.2677899,2,True,True,False
Osun,EDE SOUTH,SEKONA,29-08-08-008,"MATERNITY CENTRE, ERE-OSUN",25,92,0,0,7.6252616,4.4398681,2,True,True,False
Osun,EDE SOUTH,OLOKI/AKODA,29-08-09-001,AKODA VILLAGE,76,225,38,0,7.6799437,4.4587355,2,True,True,True
Osun,ODO-OTIN,OKUA/EKUSA,29-25-08-002,"TOWH HALL, OKUA",50,20,150,0,8.0087703,4.6224992,2,True,True,False
Osun,EDE SOUTH,OLOKI/AKODA,29-08-09-006,OGOBI VILLAGE,38,290,3,0,7.6644817,4.4490836,2,True,True,True
Osun,EDE SOUTH,OLOKI/AKODA,29-08-09-007,AYEGBAMI VILLAGE,15,76,0,0,7.6644817,4.4490836,2,True,True,False
Osun,EDE SOUTH,LOOGUN,29-08-10-004,"C.A.C PRY. SCHOOL, EGBEDA LOOGUN",105,241,2,0,7.7362614,4.4254837,2,True,True,True
Osun,OBOKUN,ESA-OKE,29-24-07-007,ESA-OKE L.A. SCHOOL  I,87,301,2,0,7.7590044,4.8965121,2,True,True,True
Osun,ODO-OTIN,EKOSIN/IYEKU,29-25-05-008,"ELESIN FUNFUN COMMUNITY PRY. SCHOOL, IYEKU",79,74,0,0,8.0529904,4.5914647,2,True,True,False
Osun,ODO-OTIN,FAJI/OPETE,29-25-04-005,"SEMI OLA AREA, OPETE",94,76,0,0,8.0603314,4.6343813,2,True,True,False
Osun,EGBEDORE,ARA I,29-09-02-005,ARO ALARA VILLAGE,32,56,0,0,7.8421697,4.3794799,2,True,True,False
Osun,IREWOLE,IKIRE 'K',29-21-11-012,"AYETORO VILLAGE, OPEN SPACE, AYETORO VILLAGE",124,134,1,0,7.3852243,4.2846246,2,True,True,False
Osun,IREWOLE,IKIRE 'K',29-21-11-013,"ODEYINKA BAPTIST DAY SCHOOL, ODEYINKA VILLAGE I",161,150,1,0,7.3232901,4.3637088,2,True,True,False
Osun,IREWOLE,IKIRE 'K',29-21-11-017,"MOLAUSA VILLAGE, MOLAUSA",116,105,3,0,7.3852243,4.2846246,2,True,True,False
Osun,EGBEDORE,IRA GBERI II,29-09-06-001,"BAPTIST DAY PRY. SCHOOL, IRAGBERI",108,240,4,0,7.7813259,4.3666383,2,True,True,True
Osun,OBOKUN,ESA-OKE,29-24-07-009,OJA-OKO OPEN SPACE,114,286,2,0,7.7590044,4.8965121,2,True,True,True
Osun,EDE SOUTH,BABASANYA,29-08-07-002,AGBANU'S COMP. EDE,111,225,5,2,7.7325446,4.4349161,2,False,True,True
Osun,IREPODUN,BARA 'B',29-20-06-007,BABA ODUNAYO,113,86,3,0,7.9021368,4.5315029,2,True,True,False
Osun,IFE CENTRAL,IREMO/AJEBANDELE,29-11-05-016,COMMUNITY SCH. KAJOLA AKILE,23,9,17,0,7.525776,4.5359479,2,True,True,True
Osun,AYEDIRE,ILEOGBO  I,29-04-05-005,"N.U. D. SCHOOL, ILEOGBO II",110,48,0,0,7.6152617,4.2307723,2,True,True,False
Osun,IFE CENTRAL,IREMO/AJEBANDELE,29-11-05-020,OPEN SPACE OAU HEALTH CENTRE,3,1,8,0,7.5203542,4.5165228,2,True,True,True
Osun,IFE CENTRAL,IREMO/AJEBANDELE,29-11-05-018,OPEN SPACE MOREMI HALL,19,9,27,0,7.5554803,4.5315029,2,True,True,True
Osun,IFE NORTH,EDUNABON  I,29-15-02-006,TONKERE ORILE/IDI OGBAGBA,34,57,0,0,7.6151594,4.5086065,2,True,True,False
Osun,AYEDAADE,OBALUFON,29-03-09-009,"ATOBA VILLAGE, ATOBA VILLAGE",18,14,1,0,7.2156619,4.3685574,2,True,True,True
Osun,AYEDAADE,OBALUFON,29-03-09-010,"ABEWELA VILLAGE, ABEWELA VILLAGE",58,114,2,0,7.138339,4.2128337,2,True,True,False
Osun,BORIPE,ISALE-OYO,29-06-04-001,"N.U.D. PRIMARY SCHOOL, IRAGBIJI",237,52,3,0,7.8998575,4.6926794,2,False,True,True
Osun,IFE CENTRAL,IREMO III,29-11-07-021,OPEN SPACE BESIDE ST. PETER'S PRY SCH OJATUNTUN,30,4,1,0,7.4870951,4.5514827,2,True,True,True
Osun,IFE CENTRAL,IREMO III,29-11-07-020,OPEN SPACE ADJACENT CHRIST FISHER'S ONIREKE,16,8,3,0,7.4870951,4.5514827,2,True,True,True
Osun,AYEDAADE,ANLUGBUA,29-03-10-014,"OPE AYOOLA, OPE AYOOLA VILLAGE",21,9,1,0,7.2002947,4.3323521,2,True,True,True
Osun,AYEDAADE,ANLUGBUA,29-03-10-015,"GBONA, GBONNA VILLAGE",83,130,1,0,7.2125391,4.3256918,2,True,True,False
Osun,IFE CENTRAL,IREMO II (ELEYELE),29-11-06-020,OPEN SPACE OLORUNSOGO T-JUNCTION ELEYELE,100,30,37,0,7.4986919,4.5392361,2,True,True,True
Osun,AYEDAADE,ANLUGBUA,29-03-10-018,"ALAGBEDE, ALAGBEDE VILLAGE",29,24,1,0,7.2165932,4.3412607,2,True,True,True
Osun,AYEDAADE,ANLUGBUA,29-03-10-020,"ALAGUNTAN, ALAGUNTAN VILLAGE",58,7,2,0,7.2125391,4.3256918,2,True,True,True
Osun,IFELODUN,OKEBA IKIRUN,29-14-07-005,SAVIOUR'S PRY. SCHOOL II,83,97,3,0,7.938852,4.6502012,2,True,True,False
Osun,ILESA EAST,IMO,29-18-02-003,LOCAL GOVERNMENT DISPENSARY PREMISES,132,109,28,0,7.6295185,4.7686527,2,True,True,False
Osun,EDE NORTH,ASUNMO,29-07-10-008,OPEN SPACE ALUBO OKE-OGOSUN.,46,84,0,0,7.729243,4.4696765,2,True,True,False
Osun,AYEDIRE,OLUPONNA  1I,29-04-02-004,ODE OTE/EJEMU MARKET,78,70,0,0,7.6101992,4.1949013,2,True,True,False
Osun,AYEDIRE,OKE-OSUN,29-04-04-001,"CHRIST ANGLICAN SCHOOL, ELESIN",145,157,0,0,7.5383485,4.2718177,2,True,True,False
Osun,AYEDIRE,OKE-OSUN,29-04-04-005,"N.U.D. SCHOOL, ILEIRAN",139,201,0,0,7.5581613,4.264103,2,True,True,False
Osun,BORIPE,COLLEGE/EGBADA ROAD,29-06-03-016,OPEN SPACE BY OWODE MARKET SQUARE,102,68,0,0,7.897924,4.6682867,2,True,True,False
Osun,BORIPE,COLLEGE/EGBADA ROAD,29-06-03-014,"OPEN SPACE, IDI ISAKAGBA JUNCTION.",204,29,3,0,7.8358911,4.6347041,2,True,True,True
Osun,AYEDAADE,ODE-OMU RURAL,29-03-08-002,"D.C. SCHOOL, LASOLEI, LASOLE VILLAGE",70,1,0,0,7.5412444,4.3934376,2,True,True,False
Osun,AYEDAADE,GBONGAN RURAL,29-03-07-015,AKINJEPO VILLAGE,0,0,0,0,7.4386611,4.3359635,2,True,True,True
Osun,IFE NORTH,EDUNABON  I,29-15-02-007,OLOBA/BALOGUN,0,0,0,0,7.5829793,4.4851265,2,False,True,True
Osun,OSOGBO,ATAOJA  'C',29-30-03-017,"OPEN SPACE, INFRONT OF MTN MAST OPP. NO. 2 JALEYEMI AREA, OSOGBO",45,70,7,0,7.7682931,4.5461595,2,True,True,True
Osun,IFE SOUTH,OSI,29-16-08-006,"ABA JOSHUA PRY. SCHOOL, ABA JOSHUA II",0,0,0,0,7.253574,4.5315029,2,True,True,True
Osun,ATAKUMOSA EAST,IPERINDO,29-01-04-008,OPEN SPACE AYENI/TEMIDIRE,22,72,1,0,7.4956801,4.8235509,2,True,True,False
Osun,OSOGBO,ATAOJA  'E',29-30-05-037,"OPEN SPACE, SALVATION ARMY PRY.SCHOOL CAR PARK, OSOGBO",2,7,5,0,7.7704564,4.5515633,2,True,True,True
Osun,IFE SOUTH,OSI,29-16-08-004,"MATERNITY CENTRE, ISOYA",88,103,3,0,7.253574,4.5315029,2,True,True,False
Osun,ATAKUMOSA WEST,OSU  III,29-02-03-004,"PRY. SCHOOL, ITAMERIN",31,89,3,0,7.5708836,4.6088854,2,True,True,False
Osun,ILA,EJIGBO  I,29-17-01-006,POST OFFICE,51,52,0,0,8.0290542,4.8416936,2,True,True,False
Osun,ILA,EJIGBO  I,29-17-01-013,ARAROMI II,51,70,0,0,8.0290542,4.8416936,2,True,True,False
Osun,ATAKUMOSA WEST,ITAGUNMODI,29-02-06-003,ALABA/OWENA VILLAGE (OPEN SPACE) ,61,136,4,1,7.5289301,4.6492325,2,True,True,False
Osun,IFE SOUTH,OLODE,29-16-07-010,"UNITED L.A. SCHOOL, LABATA",69,110,5,0,7.3243901,4.6691548,2,True,True,False
Osun,ILA,EJIGBO  III,29-17-03-003,AJABA JUNCTION,151,228,6,0,8.0015687,4.8676221,2,True,True,True
Osun,IFE CENTRAL,IREMO/AJEBANDELE,29-11-05-023,"LOCAL HEALTH AUTHORITY, POWERLINE AJEBAMIDELE",18,11,4,0,7.4836043,4.530369,2,True,True,True
Osun,IFE SOUTH,IKIJA  II,29-16-03-005,"COMMUNITY PRY. SCHOOL, MOSAFEJO  II",16,22,4,0,7.2357189,4.70189,2,True,True,True
Osun,AYEDAADE,BALOGUN,29-03-01-005,"MOLUBERIN JUNCTION, NEW ROAD AREA, GBONGAN",177,97,0,0,7.4752551,4.3523052,2,True,True,False
Osun,IFE CENTRAL,MOORE OJAJA,29-11-11-020,"OPEN SPACE OPP. C.A.C. OKE-ISEGUN, MOORE",86,43,2,0,7.5554803,4.5315029,2,True,True,True
Osun,IFE CENTRAL,IREMO/AJEBANDELE,29-11-05-029,"OPEN SPACE , ALL SOULS CHAPEL ( UNDER NEEM TREE)",1,9,4,0,7.5554803,4.5315029,2,True,True,True
Osun,IFE CENTRAL,IREMO/AJEBANDELE,29-11-05-028,OPEN SPACE MOTION GROUND OAU,34,4,60,1,7.5185596,4.5228445,2,True,True,True
Osun,IFE CENTRAL,IREMO/AJEBANDELE,29-11-05-027,OPEN SPACE BASKET BALL COURT BLOCK 3,11,4,26,0,7.5554803,4.5315029,2,True,True,True
Osun,AYEDAADE,GBONGAN RURAL,29-03-07-003,WAKAJAIYE I,83,109,3,0,7.4386611,4.3359635,2,True,True,False
Osun,AYEDAADE,GBONGAN RURAL,29-03-07-005,"OLOBA VILLAGE, OLOBA VILLAGE",76,4,2,0,7.4386611,4.3359635,2,True,True,True
Osun,IFE CENTRAL,IREMO/AJEBANDELE,29-11-05-025,HOLY SAVIOUR PRY SCH FASINA,44,12,12,1,7.4793407,4.5441827,2,True,True,True
Osun,BORIPE,COLLEGE/EGBADA ROAD,29-06-03-012,AJANI OKIN PRIMARY SCHOOL,253,44,1,0,7.8358911,4.6347041,2,True,True,True
Osun,IFE CENTRAL,ILARE IV,29-11-04-012,METHODIST PRY. SCHOOL,135,110,7,15,7.4900329,4.5528526,2,True,True,False
Osun,ILESA EAST,ILERIN,29-18-09-008,ILERIN ROAD,0,0,0,0,7.6341986,4.7536277,2,True,True,True
Osun,OSOGBO,BABA KEKERE,29-30-11-005,"24,OKOKI IFEDODUN",122,107,1,0,7.7660253,4.5779191,2,True,True,False
Osun,ILESA WEST,ISOKUN,29-19-05-006,GEORGE BURTON COLLEGE I,129,116,57,0,7.6535175,4.7443699,2,True,True,False
Osun,OSOGBO,BABA KEKERE,29-30-11-008,"18, FAGBEMI STREET",181,118,2,2,7.7660253,4.5779191,2,True,True,False
Osun,OSOGBO,JAGUN 'A',29-30-09-007,"22, OLUGUNNA STREET",93,102,0,0,7.7648921,4.5628772,2,True,True,False
Osun,ILESA EAST,UPPER & LOWER IJOKA,29-18-06-007,"FEDERAL TECHNICAL COLLEGE, CAPAA II",0,0,14,0,7.6358779,4.7545983,2,True,True,True
Osun,IFE EAST,MODAKEKE  III,29-13-10-004,"C.A.C PRY. SCHOOL, ONDO ROAD",0,0,0,0,7.482357,4.5363665,2,True,True,True
Osun,OSOGBO,BABA KEKERE,29-30-11-006,"24,OKOKI IFEDODUN",129,159,0,0,7.7660253,4.5779191,2,True,True,False
Osun,BORIPE,COLLEGE/EGBADA ROAD,29-06-03-009,"L.A. SCHOOL, EESADEE",320,67,0,0,7.8358911,4.6347041,2,True,True,True
Osun,OSOGBO,OTUN BALOGUN 'A',29-30-14-005,L.A. PRY. SCHOOL  I,134,100,5,1,7.7654948,4.571777,2,True,True,False
Osun,IFE EAST,MODAKEKE  III,29-13-10-002,"AKODI IJEDU I, IJEDU AREA",0,0,0,0,7.4853287,4.526348,2,True,True,True
Osun,AYEDIRE,ILEOGBO  IV,29-04-08-004,AYI OPEN SPACE,164,205,6,0,7.6312421,4.2564094,2,True,True,True
Osun,ILA,EJIGBO  III,29-17-03-007,OGUNLADE JUNCTION,175,294,12,0,8.0045209,4.8924854,1,False,False,True
Osun,IWO,ISALE OBA  III,29-23-03-006,"HOSPITAL ROAD, KUTI JUNCTION",111,163,31,0,7.6316916,4.2102716,1,True,True,False
Osun,ILA,EJIGBO  III,29-17-03-006,NEW GARAGE,129,189,3,0,8.0015687,4.8676221,1,True,True,False
Osun,ILA,EJIGBO  III,29-17-03-005,ONIFADE JUNCTION,119,155,6,0,8.0015687,4.8676221,1,True,True,False
Osun,IWO,ISALE OBA  III,29-23-03-008,PANADA,157,143,2,0,7.6316916,4.2102716,1,True,True,False
Osun,IWO,ISALE OBA  III,29-23-03-004,"D.C PRY. SCHOOL, AJANGBALA II",91,84,1,0,7.6401303,4.1769749,1,True,True,False
Osun,IREWOLE,IKIRE 'F',29-21-06-006,"OOSAFAFIOYE OPEN SPACE, MORINGBERE, IKIRE",156,166,4,0,7.4366325,4.2666678,1,True,True,False
Osun,ILESA WEST,EREJA,29-19-09-004,TIPPER OWNERS,69,71,2,0,7.6255599,4.7400419,1,True,True,False
Osun,ILA,ISEDO  I,29-17-04-005,OLOJAGBELE II,22,33,1,0,8.0009562,4.9195154,1,False,False,True
Osun,IWO,ISALE OBA  I,29-23-01-004,"A.U.D. PRY. SCHOOL, AKINFENWA IV",173,99,1,0,7.6252123,4.1808158,1,True,True,False
Osun,IWO,ISALE OBA  I,29-23-01-001,"A.U.D. PRY. SCHOOL, AKINFENWA I",269,178,3,0,7.6252123,4.1808158,1,False,False,True
Osun,ISOKAN,ASALU (MOGIMOGI),29-22-08-004,AFRICAN PRIMARY SCHOOL,165,1,10,0,7.3469464,4.1908193,1,False,False,True
Osun,ISOKAN,ALAPOMU  I (ODO-OSUN),29-22-06-002,ST. BARNABAS PRY. SCHOOL,201,148,6,1,7.3241893,4.1846569,1,False,False,True
Osun,ISOKAN,ALAPOMU  I (ODO-OSUN),29-22-06-001,"BAPTIST PRY. SCHOOL, OKE OLOSI",132,256,0,0,7.403862,4.232291,1,False,False,True
Osun,ISOKAN,IDOGUN WARD,29-22-05-005,ERUKU VILLAGE,102,134,3,0,7.214425,4.1206748,1,True,True,False
Osun,ILA,ISEDO  I,29-17-04-013,SECRETARIAT,144,328,3,1,8.0009562,4.9195154,1,False,False,True
Osun,ISOKAN,IDOGUN WARD,29-22-05-002,"A.U.D PRY. SCHOOL, OLOKUTA",0,0,0,0,7.3485099,4.1871909,1,False,False,True
Osun,IREPODUN,BARA 'A',29-20-05-005,OLUAWO COMPOUND,141,177,0,0,7.9021368,4.5315029,1,True,True,False
Osun,ISOKAN,ORANRAN WARD,29-22-04-004,"ST. MARY'S PRY. SCHOOL, ORANRAN I",99,119,0,0,7.2206951,4.0773713,1,True,True,False
Osun,ISOKAN,OSA IKOYI (OLOKE),29-22-02-005,OLOKE QUARTERS,215,149,0,0,7.3471709,4.1756947,1,False,False,True
Osun,ISOKAN,OLUKOYI (OJA-OSUN),29-22-01-005,A U D IKOYI,0,0,0,0,7.3397439,4.177615,1,False,False,True
Osun,IWO,ISALE OBA  II,29-23-02-009,IDI-OKE II,90,108,1,0,7.6446617,4.2028901,1,True,True,False
Osun,ILA,EJIGBO  III,29-17-03-004,AJABA GARAGE,133,164,6,0,8.0015687,4.8676221,1,True,True,False
Osun,IWO,ISALE OBA  III,29-23-03-010,ADEDITI,131,108,1,0,7.6316916,4.2102716,1,True,True,False
Osun,IWO,MOLETE  III,29-23-07-004,ARAROMI MARKET,162,117,5,0,7.6403955,4.1866417,1,True,True,False
Osun,IWO,OKE-OBA  I,29-23-14-003,"ISLAMIC PRY. SCHOOL, OLOSI VILLAGE",145,96,1,0,7.7674412,4.5946053,1,True,True,False
Osun,IFE SOUTH,ABIRI OGUDU,29-16-10-001,"COOP. STORE AREA, ABIRI VILLAGE",114,90,38,5,7.4848833,4.6285509,1,True,True,False
Osun,IWO,GIDIGBO  III,29-23-13-005,DISPENSARY ALAYE III,136,144,7,0,7.6356109,4.198847,1,True,True,False
Osun,IFE SOUTH,ABIRI OGUDU,29-16-10-004,GBAFARI VILLAGE,78,86,19,0,7.3599797,4.6553679,1,False,True,False
Osun,IFE SOUTH,ABIRI OGUDU,29-16-10-005,"COOP. STORE AREA, TOBA",43,36,18,0,7.4848833,4.6285509,1,False,True,False
Osun,ILESA WEST,EREJA,29-19-09-008,OGBONI'S AREA I,61,47,12,0,7.6255599,4.7400419,1,True,True,False
Osun,IWO,GIDIGBO  I,29-23-11-006,"BAPTIST PRY. SCHOOL, AIPATE II",0,0,0,0,7.6290522,4.168334,1,False,False,True
Osun,IFE SOUTH,ABIRI OGUDU,29-16-10-008,COOP. STORE OGOGO AROWO KOMO,40,48,0,6,7.4848833,4.6285509,1,True,True,False
Osun,IWO,OKE-ADAN  II,29-23-09-006,IDI-AGBEDE,162,143,3,0,7.6446617,4.2028901,1,True,True,False
Osun,IWO,MOLETE  III,29-23-07-005,SABO/ARAROMI MARKET,148,112,5,0,7.6403955,4.1866417,1,True,True,False
Osun,ILESA WEST,EREJA,29-19-09-006,SPACE BESIDE BANUSO,53,49,8,0,7.6247575,4.7410361,1,True,True,False
Osun,IREPODUN,BARA 'A',29-20-05-002,BARA OLUNKAN,97,172,1,0,7.9021368,4.5315029,1,True,True,False
Osun,ILESA WEST,EREJA,29-19-09-010,OPEN SPACE OPP. MOSQUE,90,67,15,0,7.6255599,4.7400419,1,True,True,False
Osun,IWO,ISALE OBA  IV,29-23-04-007,OLUNLE,163,169,1,0,7.610445,4.1692941,1,True,True,False
Osun,IWO,ISALE OBA  IV,29-23-04-006,YAFOYE ST AUGUSTINE PRY SCH,187,152,2,0,7.610445,4.1692941,1,True,True,False
Osun,IREPODUN,OLOBU 'B',29-20-02-001,"OPEN SPACE HEALTH CENTRE, OJUTU",166,189,11,0,7.831385,4.50227,1,False,False,True
Osun,IREPODUN,OLOBU 'D',29-20-04-007,"L.A. PRY. SCHOOL, GBOBAMU",129,244,0,0,7.8455588,4.4928531,1,False,False,True
Osun,IREPODUN,BARA 'A',29-20-05-001,BARA OLUNKAN,89,134,0,0,7.9021368,4.5315029,1,True,True,False
Osun,IWO,ISALE OBA  IV,29-23-04-005,OPABABA,220,102,1,0,7.610445,4.1692941,1,True,True,False
Osun,ILESA WEST,EREJA,29-19-09-005,SPACE AROUND MARKET PLACE,65,60,25,0,7.6255599,4.7400419,1,True,True,False
Osun,ILA,EJIGBO  III,29-17-03-001,ADEKUNLE JUNCTION,115,123,1,0,8.0015687,4.8676221,1,True,True,False
Osun,IREWOLE,IKIRE 'K',29-21-11-022,"AYEDAADE OBA VILLAGE, AYEDAADE OBA",50,93,2,0,7.3852243,4.2846246,1,True,True,False
Osun,ISOKAN,OLUKOYI (OJA-OSUN),29-22-01-003,OLUKOYI-OJA OSUN,0,0,0,0,7.3397439,4.177615,1,False,False,True
Osun,IREPODUN,BARA 'B',29-20-06-002,AJIBIKE COMPOUND,156,114,0,0,7.9021368,4.5315029,1,True,True,False
Osun,IREPODUN,BARA 'A',29-20-05-009,JAGUN  II,0,0,0,0,7.6186747,4.4479576,1,False,False,True
Osun,IREPODUN,BARA 'A',29-20-05-011,KONDA ILOBU,160,217,4,0,7.8455588,4.4928531,1,False,False,True
Osun,IREWOLE,IKIRE 'J',29-21-10-010,"MAJEROKU VILLAGE, MAJEROKU VILLAGE",127,80,6,0,7.4563241,4.2881526,1,True,True,False
Osun,IREPODUN,BARA 'B',29-20-06-009,BABA ODUNAYO,80,191,1,0,7.9021368,4.5315029,1,True,True,False
Osun,IREPODUN,BARA 'B',29-20-06-011,BABA ODUNAYO,102,135,1,0,7.9021368,4.5315029,1,True,True,False
Osun,ILESA EAST,OKESA,29-18-01-007,ILESHA GRAMMAR SCHOOL PREMISES II,86,74,21,0,7.6280655,4.7581571,1,False,True,False
Osun,IREWOLE,IKIRE 'J',29-21-10-009,"C.H.S SCHOOL WASINMI, WASINMI VILLAGE",234,140,9,0,7.4359887,4.2634618,1,True,False,True
Osun,ILESA EAST,IFOSAN/OKE-ESO,29-18-03-001,BAPTIST PRY. SCHOOL   I,66,105,2,0,7.631032,4.749584,1,False,True,False
Osun,ILESA EAST,IMO,29-18-02-010,IMO GARAGE AREA II,108,85,23,0,7.6230431,4.7846938,1,True,True,False
Osun,IREPODUN,BARA 'B',29-20-06-012,METHODIST PRY. SCHOOL,191,174,0,0,7.9021368,4.5315029,1,True,True,False
Osun,IREWOLE,IKIRE 'J',29-21-10-006,"ELERE VILLAGE, ELERE VILLAGE",92,71,0,1,7.3587104,4.2384621,1,True,True,False
Osun,IREWOLE,IKIRE 'J',29-21-10-005,"ST. JOHN'S PRY. SCHOOL, FIDIWO, FIDIWO VLLAGE",42,65,0,0,7.3587104,4.2384621,1,True,True,False
Osun,IREPODUN,ELERIN 'E',29-20-11-005,JAGBA II,0,0,0,0,7.8333928,4.4889896,1,False,False,True
Osun,IREWOLE,IKIRE 'J',29-21-10-002,"OOSA VILLAGE, OOSA VILLAGE",93,61,0,0,7.3587104,4.2384621,1,True,True,False
Osun,IREWOLE,IKIRE 'B',29-21-02-002,"OLD MOTOR GARAGE, MARKET SQUARE",0,0,0,0,7.453017,4.2461531,1,False,False,True
Osun,IREWOLE,IKIRE 'C',29-21-03-006,"ODEADIE, OPEN SPACE, ODEADIE, IKIRE",185,93,2,0,7.4554943,4.2692327,1,True,True,False
Osun,IREWOLE,IKIRE 'J',29-21-10-001,"OLOOWA VILLAGE, OLOOWA VILLAGE",183,93,0,0,7.3587104,4.2384621,1,True,True,False
Osun,IREWOLE,IKIRE 'C',29-21-03-007,"ONILU POPO OPEN SPACE, POPO, IKIRE",0,0,0,0,7.4554943,4.2692327,1,False,False,True
Osun,ILESA EAST,IMO,29-18-02-006,FADAHUNSI AVENUE,114,57,33,0,7.6289935,4.7818218,1,True,True,False
Osun,IREWOLE,IKIRE 'H',29-21-08-007,"ISLAMIHAL PRY. SCHOOL, OGUNYEMI AREA",197,174,13,1,7.4778676,4.1872178,1,False,False,True
Osun,ILESA EAST,IMO,29-18-02-009,IMO GARAGE AREA I,90,74,29,0,7.6230431,4.7846938,1,True,True,False
Osun,IREWOLE,IKIRE 'F',29-21-06-010,"ALAHA OPEN SPACE, BAASE, IKIRE",175,116,0,0,7.4366325,4.2666678,1,True,True,False
Osun,IREWOLE,IKIRE 'F',29-21-06-009,"ODEYINKA OLD GARAGE, LAKOOSIN, IKIRE",205,211,0,0,7.4366325,4.2666678,1,False,False,True
Osun,IREWOLE,IKIRE 'F',29-21-06-004,"CARPENTER'S HALL, MORO, IKIRE II",170,116,9,1,7.4366325,4.2666678,1,True,True,False
Osun,ILESA EAST,IMO,29-18-02-007,OLD WATER WORKS,0,0,0,0,7.6230431,4.7846938,1,False,False,True
Osun,IREWOLE,IKIRE 'J',29-21-10-012,"FUNMILAYO VILLAGE OPEN SPACE, FUNMILAYO VILLAGE",55,32,0,0,7.3587104,4.2384621,1,True,True,False
Osun,ILESA EAST,UPPER & LOWER IJOKA,29-18-06-003,IJOKA IREWOLE CT & CS OFFICE,88,84,6,0,7.6435065,4.7678642,1,True,True,False
Osun,IWO,OKE-OBA  I,29-23-14-004,AGBONA VILLAGE,70,66,0,0,7.6401303,4.1769749,1,True,True,False
Osun,IREWOLE,IKIRE 'K',29-21-11-009,"A.D.C PRY. SCHOOL, JAGUN VILLAGE",45,12,0,0,7.3681992,4.1784152,1,False,False,True
Osun,IREWOLE,IKIRE 'K',29-21-11-021,"BAPTIST PRY. SCHOL, OLOKOKO VILLAGE",63,36,0,0,7.3529981,4.3080418,1,True,True,False
Osun,IREWOLE,IKIRE 'K',29-21-11-020,"EFUNLE ALAGUNTAN PRY. SCHOOL, EFUNLE ALAGUNTAN",71,23,0,0,7.3167,4.3,1,True,True,False
Osun,ILESA EAST,IMO,29-18-02-008,IBL SECOND GATE,72,48,38,1,7.6230431,4.7846938,1,True,True,False
Osun,IREWOLE,IKIRE 'K',29-21-11-016,"ARINKINKIN VILLAGE, ARINKINKIN",75,75,0,0,7.3852243,4.2846246,1,True,True,False
Osun,IREWOLE,IKIRE 'K',29-21-11-015,"BAMIDELE VILLAGE OPEN SPACE, BAMIDELE VILLAGE",92,71,0,1,7.3852243,4.2846246,1,True,True,False
Osun,ILESA WEST,EREJA,29-19-09-003,POST OFFICE,49,65,31,1,7.62576,4.7421698,1,True,True,False
Osun,IREPODUN,BARA 'B',29-20-06-003,AJIBIKE COMPOUND,174,190,5,10,7.9021368,4.5315029,1,True,True,False
Osun,ILESA WEST,ILAJE,29-19-07-008,ST. PETER'S FRONTAGE,111,81,43,1,7.6454668,4.7122337,1,True,False,False
Osun,IREWOLE,IKIRE 'K',29-21-11-011,"ODOKOTO VILLAGE, OPEN SPACE,ODOKOTO VILLAGE",73,20,0,0,7.3852243,4.2846246,1,True,True,False
Osun,IREWOLE,IKIRE 'K',29-21-11-010,"AAJO VILLAGE OPEN SPACE, AAJO VILLAGE",56,35,0,0,7.3852243,4.2846246,1,True,True,False
Osun,ILA,ISEDO  II,29-17-05-007,OJUDE ODOSIN II( AKODI OBALUMO O/S IN ODOSIN),0,0,0,0,8.0159804,4.9130261,1,False,False,True
Osun,ILESA EAST,OKESA,29-18-01-001,FRONTAGE OF OBANLA'S PALACE I,0,0,0,0,7.6246648,4.7600984,1,False,False,True
Osun,IREWOLE,IKIRE 'K',29-21-11-008,"ST. JAMES PRY. SCHOOL, AKAN AGBONGBON VILLAGE",93,53,0,0,7.3852243,4.2846246,1,True,True,False
Osun,IREWOLE,IKIRE 'K',29-21-11-007,"AKINROPO VILLAGE, OPEN SPACE, AKINROPO VILLAGE",23,69,0,0,7.3852243,4.2846246,1,True,True,False
Osun,IREPODUN,BARA 'B',29-20-06-005,BABA ODUNAYO,160,174,0,0,7.9021368,4.5315029,1,True,True,False
Osun,ILESA WEST,ILAJE,29-19-07-007,IMADIN JUNCTION,0,0,0,0,7.6432287,4.7367993,1,False,False,True
Osun,IREWOLE,IKIRE 'K',29-21-11-006,"OLOBE VILLAGE OPEN SPACE, OLOBE VILLAGE",98,87,0,0,7.3852243,4.2846246,1,True,True,False
Osun,IREWOLE,IKIRE 'K',29-21-11-005,"A.D.C SCHOOL, OLUSEKE VILLAGE III",61,23,0,0,7.3852243,4.2846246,1,True,True,False
Osun,IREWOLE,IKIRE 'K',29-21-11-004,"A.D.C SCHOOL, OLUSEKE VILLAGE II",81,34,1,0,7.3852243,4.2846246,1,True,True,False
Osun,ILESA WEST,ISOKUN,29-19-05-011,FAITH FOUNDATION N & P SCHOOL I,85,66,10,1,7.651763,4.7426176,1,True,True,False
Osun,ILESA WEST,UPPER/LOWER IGBOGI,29-19-03-008,IGBOGI HALL AREA I,21,21,3,0,7.6323931,4.7407068,1,False,False,True
Osun,ILESA EAST,ILERIN,29-18-09-007,IJESA MUSLIM GRAMMAR SCHOOL II,0,0,0,0,7.5993701,4.7558924,1,False,False,True
Osun,ILESA WEST,EREJA,29-19-09-007,TOWN PLANNING AREA,46,47,20,1,7.6255599,4.7400419,1,True,True,False
Osun,OBOKUN,ILARE,29-24-10-001,ILARE METHODIST PRY. SCHOOL,65,181,2,0,7.8167271,4.7355948,1,True,True,False
Osun,IWO,OKE-OBA  I,29-23-14-005,AWOKEKERE VILLAGE,81,31,1,0,7.6401303,4.1769749,1,True,True,False
Osun,OSOGBO,BABA KEKERE,29-30-11-012,FRONT OF ILE IDI-OKE,111,55,4,0,7.7660253,4.5779191,1,True,True,False
Osun,OSOGBO,ARE-AGO,29-30-08-006,"8, OKE-AYEPE STREET",0,0,0,0,7.7573774,4.5651628,1,False,False,True
Osun,OSOGBO,ARE-AGO,29-30-08-012,COSTAIN MATERNITY L.G,230,118,14,0,7.7443522,4.5779191,1,False,False,True
Osun,OSOGBO,JAGUN 'A',29-30-09-001,"32, KAJOLA STREET",142,62,1,0,7.7656855,4.5614739,1,True,True,False
Osun,OSOGBO,JAGUN 'A',29-30-09-002,PUBLIC TOILET AREA KAJOLA,120,69,1,0,7.7651606,4.561063,1,True,True,False
Osun,OSOGBO,JAGUN 'A',29-30-09-003,"37, IBOKUN ROAD",118,85,3,0,7.7661646,4.5613019,1,True,True,False
Osun,OSOGBO,JAGUN 'A',29-30-09-005,"43, IBOKUN ROAD",55,55,4,0,7.7667074,4.5611637,1,True,True,False
Osun,OSOGBO,JAGUN 'A',29-30-09-006,"22, OLUGUNNA STREET",97,47,0,0,7.7648921,4.5628772,1,True,True,False
Osun,OSOGBO,JAGUN 'A',29-30-09-008,PUBLIC TOILET AREA KAJOLA,85,50,0,0,7.7651606,4.561063,1,True,True,False
Osun,OSOGBO,JAGUN 'A',29-30-09-009,"60, IBOKUN ROAD  I",0,0,0,0,7.7663672,4.561921,1,True,False,True
Osun,OSOGBO,JAGUN 'A',29-30-09-010,"60, IBOKUN ROAD  II",73,53,1,0,7.7663672,4.561921,1,True,True,False
Osun,OSOGBO,JAGUN 'A',29-30-09-011,OPP. 24 OLUGUNNA STREET,152,51,2,0,7.7648921,4.5628772,1,True,True,False
Osun,OSOGBO,JAGUN B',29-30-10-006,"14, ARERUWE HOTEL",83,169,3,0,7.7628109,4.5617978,1,True,False,False
Osun,OSOGBO,BABA KEKERE,29-30-11-001,NEAR MATANMI MOSQUE,174,66,4,0,7.7660253,4.5779191,1,True,True,False
Osun,OSOGBO,BABA KEKERE,29-30-11-004,"12, MATANMI STREET",150,74,4,1,7.7660253,4.5779191,1,True,True,False
Osun,OSOGBO,BABA KEKERE,29-30-11-007,"12, OKE IMOLE STREET",130,84,4,0,7.7660253,4.5779191,1,True,True,False
Osun,OSOGBO,ALAGBA,29-30-07-018,"16, IBOKUN ROAD",109,72,2,0,7.7668637,4.5625662,1,True,True,False
Osun,OSOGBO,ALAGBA,29-30-07-004,"20, IBOKUN ROAD",99,93,5,1,7.7668637,4.5625662,1,True,True,False
Osun,OSOGBO,ALAGBA,29-30-07-002,5.  IBOKUN ROAD  I,0,0,5,0,7.7664959,4.5611991,1,True,True,False
Osun,OSOGBO,ATAOJA  'A',29-30-01-016,1 ASUBIARO STR,0,0,0,0,7.7681983,4.5483179,1,False,False,True
Osun,ORIADE,IWOYE,29-28-04-001,"TOWN HALL, IWOYE",82,249,4,0,7.6848729,4.8183684,1,False,False,True
Osun,OROLU,OLUFON OROLU 'C',29-29-03-004,SURULERE AREA,0,0,0,0,7.8517932,4.4732951,1,False,False,True
Osun,OSOGBO,ATAOJA  'A',29-30-01-001,"6, WINJOBI STREET",117,63,6,0,7.780961,4.5275925,1,True,True,False
Osun,OSOGBO,ATAOJA  'A',29-30-01-006,"10, WINJOBI",87,27,2,0,7.7809612,4.5275938,1,True,True,False
Osun,OSOGBO,ATAOJA  'A',29-30-01-009,FARM SETTLEMENT,46,46,4,0,7.7119648,4.5676009,1,True,True,False
Osun,OSOGBO,ATAOJA  'A',29-30-01-013,FARM SETTLEMENT,42,32,1,1,7.7119648,4.5676009,1,True,True,False
Osun,OSOGBO,ATAOJA  'E',29-30-05-019,OKIN STREET BEHIND CAPITAL HOTEL,91,106,95,0,7.7834779,4.5292243,1,False,False,True
Osun,OSOGBO,OTUN JAGUN 'B',29-30-06-013,"METHODIST SCHOOL, ISALE-ARO II",57,24,6,0,7.7706944,4.551652,1,True,True,False
Osun,OSOGBO,OTUN JAGUN 'B',29-30-06-003,ISALE ARO SALVATION ARMY I,115,56,8,0,7.7706944,4.551652,1,True,True,False
Osun,OSOGBO,OTUN JAGUN 'B',29-30-06-004,ISALE-ARO SALVATION ARMY II,72,24,6,0,7.7706944,4.551652,1,True,True,False
Osun,OSOGBO,OTUN JAGUN 'B',29-30-06-005,ISALE-ARO SALVATION ARMY III,124,42,7,0,7.7706944,4.551652,1,True,True,False
Osun,OSOGBO,OTUN JAGUN 'B',29-30-06-006,ISALE-ARO SALVATION ARMY III,52,21,9,0,7.7706944,4.551652,1,True,True,False
Osun,OSOGBO,OTUN JAGUN 'B',29-30-06-007,ISALE-ARO SALVATION ARMY V,119,23,13,0,7.7706944,4.551652,1,True,True,False
Osun,OSOGBO,OTUN JAGUN 'B',29-30-06-012,"METHODIST SCHOOL, ISALE-ARO I",74,50,14,0,7.7706944,4.551652,1,True,True,False
Osun,OSOGBO,BABA KEKERE,29-30-11-011,OWOLABI STREET OBATEDO,0,0,0,0,7.7587865,4.5820932,1,True,True,False
Osun,OSOGBO,BABA KEKERE,29-30-11-013,"5, FAGBEMI STREET",176,72,3,0,7.7660253,4.5779191,1,True,True,False
Osun,ORIADE,IJEBU-JESA,29-28-03-009,OGUNSEEMI'S HOUSE,114,146,9,0,7.6795774,4.8080048,1,True,True,False
Osun,OSOGBO,BABA KEKERE,29-30-11-014,OPP. 28 FAGBEMI,190,86,3,0,7.7660253,4.5779191,1,True,True,False
Osun,ILESA WEST,ISOKUN,29-19-05-017,"OPEN SPACE AGBOWORIN JUNCTION NEAR TELECOM MAST, ILESA",13,40,3,0,7.6608139,4.7480005,1,False,False,True
Osun,ILESA WEST,LOWER EGBE-IDI,29-19-02-010,"METHODIST HIGH SCHOOL, IJEBU JESHA ROAD, ILESA",15,25,10,0,7.6370991,4.7539677,1,False,False,True
Osun,ISOKAN,ASALU (MOGIMOGI),29-22-08-015,OPEN SPACE OPPOSITE HASIBUINALAH OIL DEPOT,9,18,8,0,7.348316,4.1974627,1,False,False,True
Osun,IWO,MOLETE  II,29-23-06-012,SANGAN/ERIN-OWON,170,119,1,0,7.6478767,4.215396,1,False,False,True
Osun,IWO,MOLETE  III,29-23-07-013,"OPEN SPACE,  OLUWATEDO JUNCTION",27,29,1,0,7.6427128,4.1897788,1,False,False,True
Osun,OLORUNDA,AYETORO,29-27-08-032,"ARAROMI ILUPEJU COMMUNITY PRIMARY SCHOOL, KELEBE, OSOGBO",0,0,0,0,7.8013132,4.5818425,1,False,False,True
Osun,OSOGBO,ATAOJA  'E',29-30-05-026,"OPEN SPACE,ADJACENT  EMMANUEL PLAZA, OSOGBO",3,5,4,0,7.7769286,4.5284489,1,False,False,True
Osun,OSOGBO,ATAOJA  'E',29-30-05-033,"OPEN SPACE, BESIDE TRANFORMER, ODOFIN PETER AJIBOLA STREET, OSOGBO",18,13,7,0,7.780735,4.5433994,1,False,False,True
Osun,OSOGBO,ATAOJA  'E',29-30-05-035,"OPEN SPACE, SALVATION ARMY PRY.SCHOOL CAR PARK, OSOGBO",12,19,4,0,7.7704564,4.5515633,1,True,True,False
Osun,OSOGBO,ATAOJA  'E',29-30-05-036,"OPEN SPACE, SALVATION ARMY PRY.SCHOOL CAR PARK, OSOGBO",0,0,0,0,7.7704564,4.5515633,1,True,True,False
Osun,OSOGBO,ATAOJA  'E',29-30-05-041,"OPEN SPACE, SALVATION ARMY PRY.SCHOOL CAR PARK, OSOGBO",50,46,26,0,7.7704564,4.5515633,1,True,True,False
Osun,OSOGBO,ATAOJA  'E',29-30-05-042,"OPEN SPACE, SALVATION ARMY PRY.SCHOOL CAR PARK, OSOGBO",25,14,4,2,7.7704564,4.5515633,1,True,True,False
Osun,OSOGBO,ATAOJA  'E',29-30-11-019,"OPEN SPACE, SALVATION ARMY PRY.SCHOOL CAR PARK, OSOGBO",65,56,19,0,7.7704564,4.5515633,1,True,True,False
Osun,OSOGBO,BABA KEKERE,29-30-14-019,"OPEN SPACE, BOOSERE STREET JUNCTION, AROGUNMASA AREA, OSOGBO",46,50,4,1,7.7660253,4.5779191,1,True,True,False
Osun,OSOGBO,BABA KEKERE,29-30-14-020,"OPEN SPACE, BOOSERE STREET JUNCTION, AROGUNMASA AREA, OSOGBO",25,44,5,1,7.7660253,4.5779191,1,True,True,False
Osun,ILESA WEST,ISOKUN,29-19-05-015,"COMMUNITY PRIMARY SCHOOL, OKE OMIRU, ILESA",0,0,0,0,7.6546548,4.7409665,1,False,False,True
Osun,ILESA EAST,ISARE,29-18-08-010,OPEN SPACE OPP. MAXIMAL EDU. INSTITUTES,5,34,0,0,7.6194277,4.7445701,1,False,False,True
Osun,IFE EAST,MODAKEKE I,29-13-08-021,THE APOSTOLIC PRY SCHOOL  ODO OKUN,5,0,0,0,7.4284612,4.4851667,1,False,False,True
Osun,AYEDIRE,OLUPONNA  1,29-04-01-006,OLODE OPEN SPACE,142,149,1,0,7.5803799,4.2025859,1,False,False,True
Osun,OSOGBO,BABA KEKERE,29-30-11-015,OKE-IMOLE  I,89,55,2,0,7.7660253,4.5779191,1,True,True,False
Osun,OSOGBO,BABA KEKERE,29-30-11-018,OKE-IMOLE  II,128,59,0,0,7.7660253,4.5779191,1,True,True,False
Osun,OSOGBO,OTUN BALOGUN 'A',29-30-14-003,"N.U.D. PRY. SCHOOL, GBONMI  III",192,124,4,0,7.8799747,4.5727598,1,True,False,False
Osun,OSOGBO,OTUN BALOGUN 'A',29-30-14-004,L.G. DISPENSARY GBONMI,118,95,0,0,7.7706173,4.5483805,1,True,True,False
Osun,EDE SOUTH,ALAJUE I,29-08-04-008,ANUOLU JUNCTION,97,331,17,0,7.6535525,4.4593791,1,False,False,True
Osun,ATAKUMOSA EAST,AYEGUNLE,29-01-06-007,TOWN HALL IPAULA,17,48,0,0,7.4664825,4.7795149,1,False,False,True
Osun,BORIPE,COLLEGE/EGBADA ROAD,29-06-03-015,"BAPTIST HIGH SCHOOL, IRAGBIJI",166,11,0,0,7.9336385,4.7216093,1,False,False,True
Osun,IFE CENTRAL,IREMO/AJEBANDELE,29-11-05-024,"T-JUNCTION OPEN SPACE , MODOMO ZONE 1 , ROAD 4, OPP WATER RESERVIOUR",112,59,46,0,7.4991361,4.5065465,1,True,True,False
Osun,EDE NORTH,SABO/AGBONGBE II,29-07-07-012,COMMUNITY PRY. SCHOOL,5,78,1,0,7.7146527,4.4891506,1,False,False,True
Osun,IFE CENTRAL,ILARE I,29-11-01-017,"OPEN SPACE,IGBOYA JUNCTION ROAD 7",37,19,7,0,7.4984531,4.5532253,1,False,False,True
Osun,IFE CENTRAL,ILARE I,29-11-01-018,"OPEN SPACE, ADJACENT FOURSQUARE GOSPEL CHURCH OLUWALOSE QUARTERS",58,39,20,0,7.5554803,4.5315029,1,True,True,False
Osun,IFE CENTRAL,IREMO/AJEBANDELE,29-11-05-015,"OPEN SPACE, HOTEL DE-TREASURE EDE ROAD",40,29,20,0,7.4911161,4.5294892,1,True,True,False
Osun,IFE CENTRAL,IREMO/AJEBANDELE,29-11-05-017,OPEN SPACE ALARAN STR. BESIDE FOTAB FILLING STATION,115,77,35,0,7.4974833,4.5525402,1,True,True,False
Osun,IFE CENTRAL,IREMO/AJEBANDELE,29-11-05-022,"OPEN SPACE OPP. HIGH COURT, BESIDE DIGANGA HOTEL AJEBAMIDELE",43,25,22,0,7.4965814,4.5179283,1,True,True,False
Osun,ORIADE,IJEBU-JESA,29-28-03-015,OPP. P.A. OLUYEMI'S HOUSE,113,137,20,0,7.6795774,4.8080048,1,True,True,False
Osun,ORIADE,IJEBU-JESA,29-28-03-003,"ST. MATHEW PRY. SCHOOL, 'A' IJEBU-JESA",156,141,14,0,7.6795774,4.8080048,1,True,True,False
Osun,IWO,OKE-OBA  I,29-23-14-006,DAODU VILLAGE,77,59,1,0,7.6401303,4.1769749,1,True,True,False
Osun,OBOKUN,ESA - ODO,29-24-09-003,ESA-ODO ST. DAVID'S PRY. SCHOOL,47,164,0,0,7.7367348,4.8395177,1,True,True,False
Osun,OBOKUN,EESUN/IDOOKO,29-24-05-001,EESUN MATERNITY CENTRE,137,121,3,0,7.6547289,4.8399318,1,True,True,False
Osun,OBOKUN,EESUN/IDOOKO,29-24-05-002,IBALA MATERNITY CENTRE,151,143,1,0,7.7033064,4.7293731,1,True,True,False
Osun,OBOKUN,EESUN/IDOOKO,29-24-05-003,IJANA L.A. PRY. SCHOOL,136,144,4,0,7.7331161,4.7165172,1,True,True,False
Osun,OBOKUN,EESUN/IDOOKO,29-24-05-005,IDO-OKO GRAMMAR SCHOOL,102,118,5,2,7.7158145,4.7428915,1,True,True,False
Osun,OBOKUN,EESUN/IDOOKO,29-24-05-006,AYETORO OPEN SPACE,87,124,1,0,7.7047062,4.7381013,1,True,True,False
Osun,OBOKUN,ESA-OKE,29-24-07-002,ESA-OKE ST. JOSEPH'S SCHOOL,106,161,7,0,7.7590044,4.8965121,1,True,True,False
Osun,OBOKUN,ESA-OKE,29-24-07-003,ESA-OKE ST. PETER'S PRY. SCHOOL,79,149,4,0,7.7590044,4.8965121,1,True,True,False
Osun,OBOKUN,ESA-OKE,29-24-07-004,ESA-OKE UNITED SCHOOL,115,207,2,0,7.7590044,4.8965121,1,True,True,False
Osun,OBOKUN,ESA-OKE,29-24-07-005,ESA-OKE AFRICAN CHURCH PRY. SCHOOL I,87,181,2,0,7.7590044,4.8965121,1,True,True,False
Osun,OBOKUN,ESA-OKE,29-24-07-006,ESA-OKE AFRICAN CHURCH PRY. SCHOOL II,108,180,4,0,7.7590044,4.8965121,1,True,True,False
Osun,OBOKUN,ESA-OKE,29-24-07-008,ESA-OKE L.A. SCHOOL  II,62,150,5,0,7.7590044,4.8965121,1,True,True,False
Osun,OBOKUN,ESA-OKE,29-24-07-010,ESA-OKE GRAMMAR SCHOOL,79,212,7,0,7.7498575,4.8875223,1,True,True,False
Osun,OBOKUN,ESA-OKE,29-24-07-011,ESA-OKE FARM SETTLEMENT,91,100,5,0,7.7590044,4.8965121,1,True,True,False
Osun,OBOKUN,ESA-OKE,29-24-07-012,OKE-TAFIA PRIMARY SCHOOL,106,223,0,0,7.763574,4.896008,1,True,True,False
Osun,OBOKUN,ESA-OKE,29-24-07-013,IDO AYEGUNLE PRY. SCHOOL,84,148,0,0,7.7590044,4.8965121,1,True,True,False
Osun,OBOKUN,ILASE/IDOMINASI,29-24-04-009,OLORUNDA L.A. SCHOOL,1,229,0,0,7.7379881,4.6657027,1,False,False,True
Osun,OBOKUN,ILASE/IDOMINASI,29-24-04-008,ALAFON OPEN SPACE,58,77,1,0,7.7168,4.6489,1,True,False,False
Osun,OBOKUN,ILASE/IDOMINASI,29-24-04-004,IPONDA L.A.PRY. SCHOOL,90,152,1,0,7.7326903,4.7167596,1,True,True,False
Osun,IWO,OKE-OBA  II,29-23-15-018,AYEDE VILLAGE,89,46,0,0,7.6401303,4.1769749,1,True,True,False
Osun,IWO,OKE-OBA  II,29-23-15-004,"D.C. PRY. SCHOOL, PAPA VILLAGE",0,0,0,0,7.7447252,4.0891923,1,True,False,False
Osun,IWO,OKE-OBA  II,29-23-15-005,"D.C. PRY. SCHOOL, OGUNAJO VILLAGE",36,24,0,0,7.8941347,4.3082023,1,False,False,True
Osun,IWO,OKE-OBA  II,29-23-15-007,"N.U.D PRY. SCHOOL, OBAJOKO VILLAGE",0,0,0,0,7.6401303,4.1769749,1,False,False,True
Osun,IWO,OKE-OBA  II,29-23-15-009,"D.C. PRY. SCHOOL, IDI-IROKO VILLAGE I",51,69,2,0,7.6401303,4.1769749,1,True,True,False
Osun,IWO,OKE-OBA  II,29-23-15-010,"D.C. PRY. SCHOOL, IDI-IROKO VILLAGE II",26,35,0,0,7.6401303,4.1769749,1,True,True,False
Osun,IWO,OKE-OBA  II,29-23-15-011,"D.C. SCHOOL, FORITAJE VILLAGE",117,87,0,0,7.6401303,4.1769749,1,True,True,False
Osun,IWO,OKE-OBA  II,29-23-15-021,JOLUEGAN VILLAGE,40,28,0,0,7.6401303,4.1769749,1,True,True,False
Osun,OBOKUN,IPETU-ILE/ADAOWODE,29-24-02-007,"ERINJA,  ERINJA MARKET",87,139,1,0,7.8347464,4.7381013,1,True,True,False
Osun,OBOKUN,IBOKUN,29-24-01-002,IBOKUN N.U.D. PRY. SCHOOL,141,184,13,0,7.7861256,4.7225793,1,True,True,False
Osun,OBOKUN,IBOKUN,29-24-01-003,IBOKUN ST. PETER'S PRY. SCHOL,122,163,8,0,7.7846104,4.7238073,1,True,True,False
Osun,OBOKUN,IBOKUN,29-24-01-006,IBOKUN GRAMMAR SCHOOL,145,204,1,0,7.7767412,4.7288846,1,True,True,False
Osun,OBOKUN,IBOKUN,29-24-01-008,IBOKUN DISPENSARY,120,190,2,0,7.7862635,4.7281981,1,True,True,False
Osun,OBOKUN,IPETU-ILE/ADAOWODE,29-24-02-002,IPETU-ILE METHODIST PRY. SCHOOL II,73,163,3,0,7.8167271,4.7355948,1,True,True,False
Osun,OBOKUN,IPETU-ILE/ADAOWODE,29-24-02-004,OLOMU L.A. PRY. SCHOOL,50,96,1,0,7.7987316,4.6700633,1,True,True,False
Osun,OBOKUN,OTAN-ILE,29-24-08-001,OTAN-ILE IMUO PRY. SCHOOL,180,184,7,1,7.815332,4.7769256,1,False,False,True
Osun,IFE SOUTH,KERE,29-16-09-009,KERE ORISUNBARE,27,68,9,0,7.2592087,4.5057333,1,True,True,False
Osun,OLORUNDA,AYETORO,29-27-08-006,TESTING GROUND,198,129,42,0,7.7854213,4.5734653,1,False,False,True
Osun,ODO-OTIN,IGBAYE,29-25-03-001,"POST OFFICE, IGBAYE",167,126,3,0,8.0340018,4.647618,1,True,True,False
Osun,OLA-OLUWA,ISERO/IKONIFIN,29-26-06-001,"TOWN HALL, IKONIFIN",76,108,7,0,7.7995913,4.1456185,1,True,True,False
Osun,OLA-OLUWA,ISERO/IKONIFIN,29-26-06-005,"METHODIST PRY. SCHOOL, ISERO II",143,142,0,0,7.7617961,4.1329453,1,True,True,False
Osun,OLA-OLUWA,ISERO/IKONIFIN,29-26-06-006,ABASADE,117,109,12,3,7.7977995,4.1206748,1,True,True,False
Osun,OLA-OLUWA,OBAMORO/ILE OGO,29-26-07-001,"D.C. PRY. SCHOOL, ILE - OGO I",130,228,3,0,7.7770005,4.2023095,1,False,False,True
Osun,OLA-OLUWA,OBAMORO/ILE OGO,29-26-07-003,"METHODIST PRY. SCHOOL, OBAMORO I",101,135,0,0,7.7617961,4.1329453,1,True,True,False
Osun,OLA-OLUWA,BODE-OSI,29-26-08-005,OLOWE VILLAGE,240,103,1,0,7.7473363,4.2897563,1,False,False,True
Osun,OLA-OLUWA,ASA AJAGUNLASE,29-26-10-001,"METHODIST PRY. SCHOOL, ASA I",95,159,9,0,7.787142,4.226894,1,True,True,False
Osun,OLA-OLUWA,ASA AJAGUNLASE,29-26-10-002,"METHODIST PRY. SCHOOL, ASA II",91,167,4,0,7.787142,4.226894,1,True,True,False
Osun,OLA-OLUWA,ASA AJAGUNLASE,29-26-10-006,"TOWN HALL, AJAGUNLASE II",230,144,4,9,7.818697,4.2025859,1,False,False,True
Osun,OLORUNDA,AGOWANDE,29-27-01-012,OSUNKUNLE/BABALOLA,231,62,8,0,7.7988796,4.5469705,1,False,False,True
Osun,OLORUNDA,ATELEWO,29-27-04-010,"ONIMAJESIN, OSOGBO",0,0,0,0,7.7736359,4.5630874,1,False,False,True
Osun,OLORUNDA,OWODE  II,29-27-07-006,A.U.D SABO I,162,100,4,0,7.8582665,4.5727598,1,True,False,False
Osun,OLORUNDA,AYETORO,29-27-08-002,KOBONGBOGBOE,207,161,56,1,7.8324214,4.5964855,1,False,False,True
Osun,OLORUNDA,AYETORO,29-27-08-003,OTAEFUN SETTLEMENT,287,170,67,3,7.8192555,4.5869152,1,False,False,True
Osun,OLORUNDA,AYETORO,29-27-08-005,AJEWOLE HOUSING ESTATE,196,78,40,0,7.7830729,4.5688046,1,False,False,True
Osun,OLA-OLUWA,ASAMU/ILEMOWU,29-26-02-002,"BAPTIST PRY. SCHOOL, ILEMOWU",0,0,0,0,7.6810121,4.2517079,1,False,False,True
Osun,OLA-OLUWA,TELEMU,29-26-01-001,"TOWN HALL, TELEMU I",0,0,0,0,7.673789,4.2564719,1,False,False,True
Osun,ODO-OTIN,JAGUN OSI BALE ODE,29-25-13-005,"2 AGANA AREA, INISA",123,98,0,0,7.974139,4.6527845,1,True,False,False
Osun,ODO-OTIN,FAJI/OPETE,29-25-04-003,"N.U. D PRY. SCHOOL, OPETE",81,116,1,0,8.0603314,4.6343813,1,True,True,False
Osun,ODO-OTIN,IGBAYE,29-25-03-004,"BAPTIST PRY. SCHOOL, IGBAYE I",71,116,5,0,8.0213414,4.6145153,1,True,True,False
Osun,ODO-OTIN,IGBAYE,29-25-03-005,"N.U.D PRY. SCHOOL, IGBAYE",90,114,4,0,8.031967,4.6400309,1,True,True,False
Osun,ODO-OTIN,IGBAYE,29-25-03-006,"ALAGBEDE BLACKSMITH SHOP, IGBAYE",95,130,3,0,8.0340018,4.647618,1,True,True,False
Osun,ODO-OTIN,IGBAYE,29-25-03-007,"IMULEKE VILLAGE, IGBAYE",21,109,2,0,8.0340018,4.647618,1,True,True,False
Osun,ODO-OTIN,FAJI/OPETE,29-25-04-001,"MATERNITY CENTRE PREMISES, FAAJI",56,107,5,0,8.039731,4.6217932,1,True,True,False
Osun,ODO-OTIN,FAJI/OPETE,29-25-04-002,"ST. JOHN'S PRY. SCHOOL, FAAJI",70,157,8,0,8.039731,4.6217932,1,True,True,False
Osun,ODO-OTIN,EKOSIN/IYEKU,29-25-05-001,"BAPTIST PRY. SCHOOL, EKOSIN",97,180,3,0,8.0213414,4.6145153,1,True,True,False
Osun,ODO-OTIN,JAGUN OSI BALE ODE,29-25-13-003,"A.U.D. PRY. SCHOOL, INISA",125,81,1,0,7.9784399,4.6566314,1,True,False,False
Osun,ODO-OTIN,EKOSIN/IYEKU,29-25-05-003,"ST. PAUL'S PRY. SCHOOL, EKOSIN",142,161,8,0,8.0318071,4.6311533,1,True,True,False
Osun,ODO-OTIN,ORE/AGBEYE,29-25-06-001,"ST. GABRIEL'S PRY. SCHOOL, ORE",237,188,1,0,7.9621683,4.5682458,1,False,False,True
Osun,ODO-OTIN,ORE/AGBEYE,29-25-06-002,"TOWN HALL, ORE",0,0,0,0,7.963228,4.566664,1,False,False,True
Osun,ODO-OTIN,ORE/AGBEYE,29-25-06-006,"OPEN SPACE IN FRONT OF OYADOSU'S HOUSE, AGBEYE",0,0,0,0,7.9985449,4.5966258,1,True,False,False
Osun,ODO-OTIN,OKUA/EKUSA,29-25-08-006,"ST. CECILIA'S  PRY. SCHOOL, OKUA",113,156,2,0,8.0194359,4.6127574,1,True,True,False
Osun,ODO-OTIN,OLUNISA,29-25-10-009,"24 IKUPELETE AREA, INISA",126,93,1,0,7.974139,4.6527845,1,True,False,False
Osun,IFE SOUTH,KERE,29-16-09-010,"PRY SCHOOL, ABA OGUNLEYE",38,54,3,0,7.2592087,4.5057333,1,True,True,False
Osun,ATAKUMOSA EAST,IWARA,29-01-01-001,TOWN HALL IWARA,44,0,273,0,7.7107567,4.2414463,1,False,False,True
Osun,IFE SOUTH,KERE,29-16-09-006,CAMP OJA,89,89,0,0,7.2592087,4.5057333,1,True,True,False
Osun,EDE NORTH,ASUNMO,29-07-10-004,"OPEN SPACE OKE OGOSUN, EDE",107,193,2,0,7.7304127,4.4377033,1,True,True,False
Osun,EDE NORTH,ISIBO/BUARI-ISOLA,29-07-08-009,"56, AKODA COMP.S AGATE ROAD",270,124,0,0,7.7356782,4.4368602,1,False,False,True
Osun,EDE NORTH,APASO,29-07-09-002,INFRONT OTANIOKU COMP.,55,127,1,0,7.7411494,4.4317144,1,True,True,False
Osun,EDE NORTH,APASO,29-07-09-003,1 AYOPE COMP.,61,180,0,0,7.7411494,4.4317144,1,True,True,False
Osun,EDE NORTH,APASO,29-07-09-004,"18, JARIOGUN COMP.",54,149,2,0,7.7411494,4.4317144,1,True,True,False
Osun,EDE NORTH,APASO,29-07-09-005,AGBOJA COMP.,92,196,2,1,7.7411494,4.4317144,1,True,True,False
Osun,EDE NORTH,APASO,29-07-09-007,"28, AGBERI COMP. OPP. MOSQUE",48,148,2,0,7.7411494,4.4317144,1,True,True,False
Osun,EDE NORTH,APASO,29-07-09-010,"32, APASO JUNCTION EDE",104,143,4,0,7.7411494,4.4317144,1,True,True,False
Osun,EDE NORTH,ASUNMO,29-07-10-002,"OPEN SPACETALAFIA IMAM, EDE",79,141,7,0,7.7338,4.4276,1,True,True,False
Osun,EDE NORTH,BARA EJEMU,29-07-11-001,BESIDE MUGBA MOSQUE,25,105,0,0,7.7343638,4.4330008,1,True,True,False
Osun,EJIGBO,ELEJIGBO 'C'/MAPO,29-10-03-001,"BEULAH BAPT. SCHOOL, EJIGBO",1,1,400,2,7.9075531,4.3167748,1,False,False,True
Osun,EDE NORTH,BARA EJEMU,29-07-11-002,AWO COMP.,39,159,2,0,7.7343638,4.4330008,1,True,True,False
Osun,EDE NORTH,BARA EJEMU,29-07-11-007,AIPOLA COMP.,47,173,3,0,7.7343638,4.4330008,1,True,True,False
Osun,EDE SOUTH,BABANLA/AGATE,29-08-01-002,"AGATE SQUARE, EDE",69,242,4,0,7.733185,4.4399732,1,False,False,True
Osun,EDE SOUTH,BABANLA/AGATE,29-08-01-007,OLUMOLE'S  COMP. EDE,103,243,2,0,7.7332967,4.438981,1,False,False,True
Osun,EDE SOUTH,KUYE,29-08-02-003,"OLOKI JUNCTION, EDE",65,183,3,0,7.7304127,4.4377033,1,True,True,False
Osun,EDE SOUTH,KUYE,29-08-02-004,"OOYE'S COMP., EDE",72,223,3,0,7.7304127,4.4377033,1,True,True,False
Osun,EDE SOUTH,JAGUN/JAGUN ,29-08-03-004,"42, OTEPE COMP. AGBANGUDU",101,233,7,0,7.669928,4.4293024,1,False,False,True
Osun,EDE SOUTH,ALAJUE I,29-08-04-001,"ALAJUE, BODE STREET, EDE",89,214,1,0,7.7301457,4.4379407,1,True,True,False
Osun,EDE NORTH,ISIBO/BUARI-ISOLA,29-07-08-006,150A STATION ROAD EDE,47,151,4,0,7.7175554,4.4458264,1,True,True,False
Osun,EDE NORTH,SABO/AGBONGBE II,29-07-07-007,"NO. 1, ALABI STREET,",74,176,9,1,7.7534767,4.5179119,1,True,True,False
Osun,EDE NORTH,SABO/AGBONGBE II,29-07-07-004,12 ARMY BARRACK'S ROAD,22,160,12,1,7.7552817,4.4317205,1,True,True,False
Osun,EDE NORTH,SABO/AGBONGBE II,29-07-07-003,GARAGE ENTRANCE OKE GADA OPEN SQUARE,53,149,3,0,7.7499023,4.4365883,1,True,True,False
Osun,EDE NORTH,OLUSOKUN,29-07-04-001,59 ALAKAS COMPOUND,89,160,1,0,7.7451179,4.5057333,1,True,True,False
Osun,EDE NORTH,OLUSOKUN,29-07-04-002,BARA OKUSEHINDE COMPOUND,80,235,5,2,7.7451179,4.5057333,1,True,True,False
Osun,EDE NORTH,OLUSOKUN,29-07-04-003,KUMOMI JUNCTION COMP.,56,161,0,0,7.7451179,4.5057333,1,True,True,False
Osun,EDE NORTH,OLUSOKUN,29-07-04-006,ABERE I,91,156,26,2,7.7451179,4.5057333,1,True,True,False
Osun,EDE NORTH,OLUSOKUN,29-07-04-008,IFAOSUN,42,163,9,0,7.7451179,4.5057333,1,True,True,False
Osun,EDE NORTH,ALUSEKERE,29-07-05-001,ISEKI OLOTI,62,223,3,2,7.7236651,4.4851265,1,False,False,True
Osun,EDE NORTH,ALUSEKERE,29-07-05-002,ALUSEKERE JUNCTION,0,0,0,0,7.7344029,4.4431021,1,False,False,True
Osun,EDE NORTH,ALUSEKERE,29-07-05-004,"OWODE COMM. PRY SCHOOL,",217,380,147,2,7.729243,4.4696765,1,False,False,True
Osun,EDE NORTH,ALUSEKERE,29-07-05-005,"L.A. PRY. SCHOOL, KAJOLA",69,179,22,0,7.7389671,4.4258053,1,True,True,False
Osun,EDE NORTH,ALUSEKERE,29-07-05-006,LAPELEKE SQUARE I,24,99,0,0,7.7236651,4.4851265,1,True,True,False
Osun,EDE NORTH,ALUSEKERE,29-07-05-007,LAPELEKE SQUARE II (OPEN SPACE),51,110,2,0,7.7236651,4.4851265,1,True,True,False
Osun,EDE NORTH,ALUSEKERE,29-07-05-010,OPEN SPACE JAGUN ODOMU VILLAGE,26,123,0,0,7.6534326,4.4215849,1,True,True,False
Osun,EDE NORTH,ALUSEKERE,29-07-05-012,ELERE EGBEJODA,15,108,4,0,7.7236651,4.4851265,1,True,True,False
Osun,EDE NORTH,SABO/AGBONGBE I,29-07-06-001,"L.A. PRY. SCHOOL, AGBONGBE",66,134,4,0,7.7389671,4.4258053,1,True,True,False
Osun,EDE NORTH,SABO/AGBONGBE I,29-07-06-006,OSUN AGBENI JUNCTION,113,160,5,0,7.7095147,4.4575071,1,True,True,False
Osun,EDE NORTH,SABO/AGBONGBE I,29-07-06-009,AJIBOLU SQUARE EDE,61,165,0,0,7.7304127,4.4377033,1,True,True,False
Osun,EDE NORTH,SABO/AGBONGBE II,29-07-07-002,GARAGE:  ENTRANCE( OKE GADA),72,164,11,2,7.7499023,4.4365883,1,False,True,False
Osun,EDE SOUTH,ALAJUE I,29-08-04-003,"ST. PETERS PRY. SCHOOL, EDE",58,212,3,0,7.7281192,4.4396085,1,True,True,False
Osun,EDE SOUTH,ALAJUE II,29-08-05-002,"L.A. SCHOOL, PONPOLA",38,186,3,0,7.6854917,4.5108862,1,True,True,False
Osun,EDE SOUTH,ALAJUE II,29-08-05-004,"L.A. SCHOOL, ALAJUE  I",51,207,2,0,7.6854917,4.5108862,1,True,True,False
Osun,EGBEDORE,ARA I,29-09-02-006,ABOGUNDE COMMUNITY PRY. SCHOOL,74,112,0,0,7.8440067,4.3822109,1,True,True,False
Osun,EGBEDORE,ARA II,29-09-03-002,"ISALE AYO AREA, ARA",64,168,7,0,7.85212,4.3847814,1,True,True,False
Osun,EGBEDORE,ARA II,29-09-03-003,"BAPTIST DAY PRY SCHOOL, ARA",96,128,20,1,7.8535468,4.3841589,1,True,True,False
Osun,EGBEDORE,IDO-OSUN,29-09-04-003,IDO-OSUN DISPENSARY PREMISES,239,200,27,1,7.7782514,4.4812672,1,False,False,True
Osun,EGBEDORE,IRA GBERI I,29-09-05-001,IRAGBERI TOWN HALL,104,172,6,0,7.7845724,4.3636493,1,True,True,False
Osun,EGBEDORE,IRA GBERI I,29-09-05-002,EJEMU AREA,110,215,11,0,7.7819209,4.3539439,1,True,True,False
Osun,EGBEDORE,IRA GBERI I,29-09-05-003,ISALE ARO AREA,108,116,4,0,7.7819209,4.3539439,1,True,True,False
Osun,EGBEDORE,IRA GBERI II,29-09-06-002,BADA AREA IRAGBERI,137,143,0,0,7.7831581,4.3655059,1,True,True,False
Osun,EGBEDORE,IRA GBERI II,29-09-06-003,OLOSI AREA IRAGBERI,103,220,5,0,7.7831581,4.3655059,1,True,True,False
Osun,EGBEDORE,IRA GBERI II,29-09-06-004,"DAODU AREA, IRAGBERI",160,139,1,1,7.7831581,4.3655059,1,True,True,False
Osun,IFE SOUTH,KERE,29-16-09-005,"ST. AGNES PRY. SCHOOL, IPONRIN",50,50,0,3,7.281028,4.514155,1,True,True,False
Osun,EGBEDORE,OJO/ARO,29-09-09-002,"BAPTIST DAY PRY. SCHOOL, ARO",178,208,0,0,7.8085298,4.4262325,1,False,False,True
Osun,EGBEDORE,OKINNI/OLORUNSOGO/OFATEDO,29-09-10-001,DADA ESTATE OLORUNSOGO,122,116,102,5,7.7912419,4.5204793,1,False,False,True
Osun,EGBEDORE,OKINNI/OLORUNSOGO/OFATEDO,29-09-10-002,DADA ESTATE OLORUNSOGO,89,18,47,2,7.7912419,4.5204793,1,False,False,True
Osun,EGBEDORE,OKINNI/OLORUNSOGO/OFATEDO,29-09-10-006,"ST. GEORGES R.C.M PRY. SCHOOL, OFATEDO",94,193,61,1,7.769643,4.5107815,1,False,False,True
Osun,EGBEDORE,OKINNI/OLORUNSOGO/OFATEDO,29-09-10-010,"Y.T.D. PRY. SCHOOL, OKINNI",198,250,41,0,7.8319924,4.5177669,1,False,False,True
Osun,EJIGBO,ELEJIGBO 'A',29-10-01-006,EVANG/OMO-OYE,181,101,11,0,7.9140377,4.3038709,1,True,True,False
Osun,EJIGBO,ELEJIGBO 'B'/OSOLO,29-10-02-010,"D.C.SCHOOL, IWO ROAD",209,107,22,0,7.8300184,4.097777,1,True,True,False
Osun,EGBEDORE,ARA II,29-09-03-001,"TOWN HALL, ARA (OLD)",151,150,5,0,7.85212,4.3847814,1,True,True,False
Osun,EGBEDORE,ARA I,29-09-02-004,"Y.T.D. PRY. SCHOOL, ARA",149,176,11,0,7.8506934,4.3863471,1,True,True,False
Osun,EDE SOUTH,ALAJUE II,29-08-05-006,AMINIWON VILLAGE,67,162,1,0,7.6854917,4.5108862,1,True,True,False
Osun,EGBEDORE,ARA I,29-09-02-003,"ISALE - JALA AREA, ARA",198,164,2,0,7.85212,4.3847814,1,True,True,False
Osun,EDE SOUTH,ALAJUE II,29-08-05-007,"L.A. SCHOOL, AGBINPA VILLAGE",44,162,2,0,7.6854917,4.5108862,1,True,True,False
Osun,EDE SOUTH,ALAJUE II,29-08-05-008,DISPENSARY IDIAGBON VILLAGE,33,117,0,1,7.6854917,4.5108862,1,True,True,False
Osun,EDE SOUTH,OLODAN,29-08-06-002,"L.A. SCHOOL, OLODAN  I",77,165,1,0,7.6368422,4.5057333,1,True,True,False
Osun,EDE SOUTH,OLODAN,29-08-06-004,"ST. LUKE'S PRY. SCHOOL, AROLA",31,208,2,0,7.6368422,4.5057333,1,False,False,True
Osun,EDE SOUTH,OLODAN,29-08-06-005,GAGA VILLAGE,89,165,1,0,7.6368422,4.5057333,1,True,True,False
Osun,EDE SOUTH,BABASANYA,29-08-07-004,ILE-ORI OKE COMP.  EDE,80,187,4,1,7.7316888,4.4358752,1,True,True,False
Osun,EDE SOUTH,SEKONA,29-08-08-004,"C.A.C. PRY. SCHOOL, SEKONA",91,184,9,0,7.6055739,4.5241935,1,False,True,False
Osun,EDE SOUTH,OLOKI/AKODA,29-08-09-004,"ISLAMIC PRY  SCHOOL, OLORUNDA II",12,15,5,0,7.6369854,4.4673434,1,False,False,True
Osun,EDE SOUTH,OLOKI/AKODA,29-08-09-005,ELEWURE VILLAGE,14,125,0,0,7.6633842,4.4571268,1,True,True,False
Osun,EDE SOUTH,OLOKI/AKODA,29-08-09-008,"COMMUNITY PRY. SCHOOL, OLUWERE",0,0,0,0,7.7146527,4.4891506,1,False,False,True
Osun,EDE SOUTH,LOOGUN,29-08-10-001,"Y.T.D. PRY. SCHOOL, ARAROMI LOGUN I",51,122,1,0,7.669928,4.4293024,1,True,True,False
Osun,EDE SOUTH,LOOGUN,29-08-10-002,"Y.T.D. PRY. SCHOOL, ARAROMI LOGUN II",35,122,2,0,7.669928,4.4293024,1,True,True,False
Osun,EDE SOUTH,LOOGUN,29-08-10-006,DEENU VILLAGE,42,167,0,0,7.6651122,4.387352,1,True,True,False
Osun,EDE SOUTH,LOOGUN,29-08-10-008,AKINBODE VILLAGE,20,99,2,0,7.6119799,4.3915295,1,True,True,False
Osun,EGBEDORE,AWO/ABUDO,29-09-01-001,"BAPTIST DAY PRY. SCHOOL, AWO",70,165,11,0,7.8535468,4.3841589,1,True,True,False
Osun,EGBEDORE,AWO/ABUDO,29-09-01-002,"TOWN HALL, AWO",89,192,0,0,7.7672624,4.3957073,1,True,True,False
Osun,EGBEDORE,ARA I,29-09-02-001,"EBENEZER BAPTIST DAY PRY SCHOOL, ARA",71,137,10,0,7.8527059,4.3788698,1,True,True,False
Osun,EDE NORTH,OLOGUN/AGBAAKIN,29-07-03-004,OPEN SPACE IN FRONT OF BAALE ILE ARANYIN( ARANYIN SQUARE,287,23,0,0,7.7356516,4.4394333,1,False,False,True
Osun,EDE NORTH,ABOGUNDE/SAGBA,29-07-02-010,ABOGUNDE COMP. (OPEN SPACE),46,104,4,0,7.7402753,4.4282372,1,True,True,False
Osun,EDE NORTH,ABOGUNDE/SAGBA,29-07-02-009,ABOGUNDE COMP.,36,176,4,3,7.7402753,4.4282372,1,True,True,False
Osun,AYEDAADE,IJEGBE/OKE-ESO/OKE-OWU IJUGBE,29-03-05-014,"OLUSEYI HALL, FAJOB'S COMP. ODE-OMU",84,107,0,0,7.5405811,4.4027782,1,True,True,False
Osun,AYEDAADE,GBONGAN RURAL,29-03-07-007,"MOJAPA, MOJAPA VILLAGE",74,34,0,0,7.4386611,4.3359635,1,True,True,False
Osun,AYEDAADE,GBONGAN RURAL,29-03-07-011,"AKIRIBOTO ALABE, AKIRIBOTO VILLAGE",30,16,0,0,7.4650864,4.323766,1,False,False,True
Osun,AYEDAADE,GBONGAN RURAL,29-03-07-013,ALAGBEDE VILLAGE,74,33,2,0,7.5151916,4.3757853,1,True,True,False
Osun,AYEDAADE,GBONGAN RURAL,29-03-07-014,BEMBE VILLAGE,85,35,0,0,7.410107,4.342866,1,True,True,False
Osun,AYEDAADE,ODE-OMU RURAL,29-03-08-006,"ST. JAME'S TONKERE, TONKERE TOWN",81,107,1,0,7.5405811,4.4027782,1,True,True,False
Osun,AYEDAADE,ODE-OMU RURAL,29-03-08-008,"ST. MATTHEW'S EJEMU, EJEMU VILLAGE",35,51,0,0,7.5128574,4.372894,1,True,True,False
Osun,AYEDAADE,OBALUFON,29-03-09-005,"GBEKE HALL, GBEKE VILLAGE",55,67,3,0,7.138339,4.2128337,1,False,True,False
Osun,AYEDAADE,ANLUGBUA,29-03-10-004,"SABO I, SABO AREA",112,60,0,0,7.2125391,4.3256918,1,True,True,False
Osun,AYEDAADE,ANLUGBUA,29-03-10-005,"SABO II, SABO AREA",61,23,0,0,7.2125391,4.3256918,1,True,True,False
Osun,AYEDAADE,ANLUGBUA,29-03-10-008,"COURT HALL, OJUOJA, ORILE OWU",37,0,2,0,7.2487809,4.3305736,1,False,False,True
Osun,AYEDAADE,ANLUGBUA,29-03-10-013,"MOTAKO II, MOTAKO VILLAGE",7,10,0,0,7.2812468,4.2960112,1,False,False,True
Osun,AYEDAADE,ANLUGBUA,29-03-10-016,"ABIMBOLA VILLAGE, ABIMBOLA VILLAGE",77,57,0,0,7.2187845,4.3582793,1,True,True,False
Osun,AYEDAADE,ANLUGBUA,29-03-10-019,COMMUNITY PRY. SCHOOL ALABAMETA,101,45,0,0,7.2125391,4.3256918,1,True,True,False
Osun,AYEDIRE,OLUPONNA  1,29-04-01-002,"D.C. SCHOOL, ADENLERE, ADENLERE",102,126,4,0,7.5897181,4.2242849,1,True,True,False
Osun,AYEDIRE,OLUPONNA  1,29-04-01-005,OLUPONNA TOWN HALL II,91,157,12,0,7.6052968,4.1893787,1,True,True,False
Osun,AYEDIRE,OLUPONNA  1I,29-04-02-003,OJISUN OPEN SPACE,161,225,2,0,7.6033521,4.1867673,1,False,False,True
Osun,AYEDIRE,OLUPONNA  1II,29-04-03-001,ARAROMI MARKET I,157,232,6,0,7.6403955,4.1866417,1,False,False,True
Osun,AYEDAADE,GBONGAN RURAL,29-03-07-001,D.C. AKOWIDE AKOWIDE VILLAGE,87,66,0,0,7.4292494,4.3155825,1,True,True,False
Osun,AYEDAADE,IJEGBE/OKE-ESO/OKE-OWU IJUGBE,29-03-05-011,"ILE OSO ARO AREA, ILE OSO ARO, ODE OMU",91,108,3,0,7.5405811,4.4027782,1,True,True,False
Osun,AYEDIRE,OKE-OSUN,29-04-04-010,LAITAN VILLAGE,32,9,0,0,7.5581613,4.264103,1,False,False,True
Osun,AYEDAADE,OTUN-OLUFI,29-03-04-012,"ABEKOKO, ABEKOKO AREA, GBONGAN",126,108,1,0,7.4762865,4.3513749,1,True,True,False
Osun,ATAKUMOSA EAST,IPERINDO,29-01-04-003,"TEMIDIRE GRAMMAR SCHOOL, IPERINDO",75,141,3,0,7.4956801,4.8235509,1,True,True,False
Osun,ATAKUMOSA EAST,IPERINDO,29-01-04-006,"COMM. PRY. SCHOOL, KAJOLA",24,120,1,0,7.4956801,4.8235509,1,True,True,False
Osun,ATAKUMOSA EAST,IPERINDO,29-01-04-007,"CENT. PRY. SCHOOL, AASA",2,246,0,0,7.4956801,4.8235509,1,False,False,True
Osun,ATAKUMOSA EAST,ETI-ONI,29-01-05-004,COURT HALL ITAPA,6,238,0,0,7.4174486,4.763334,1,False,False,True
Osun,ATAKUMOSA EAST,AJEBANDELE,29-01-10-002,"ST. JOHN'S PRY SCHOOL, ERINBURO",6,165,2,0,7.4771604,4.7898731,1,False,False,True
Osun,ATAKUMOSA WEST,OSU II,29-02-02-009,"COMM. PRY. SCHOOL, ASAOBI",20,112,0,0,7.6196985,4.5934,1,False,True,False
Osun,ATAKUMOSA WEST,IFELODUN,29-02-05-005,"METHODIST PRY. SCHOOL, IGUN",1,1,1,0,7.5579416,4.6908213,1,False,False,True
Osun,ATAKUMOSA WEST,ITAGUNMODI,29-02-06-001,"TOWN HALL, ITAGUNMODI  I",50,107,4,1,7.5289301,4.6492325,1,False,True,False
Osun,ATAKUMOSA WEST,ITAGUNMODI,29-02-06-005,OKE IPA VILLAGE (OPEN SPACE) ,33,105,4,1,7.5289301,4.6492325,1,False,True,False
Osun,ATAKUMOSA WEST,OKE BODE,29-02-07-005,"L.A. PRY. SCHOOL, KAJOLA",187,182,14,0,7.6987811,4.6138868,1,False,False,True
Osun,AYEDAADE,BALOGUN,29-03-01-001,"ILE ASORO, OPP. CUSTOMARY COURT, GBONGAN",169,131,6,0,7.4762865,4.3513749,1,True,True,False
Osun,AYEDAADE,BALOGUN,29-03-01-002,"OLUFI MEMORIAL PRY. SCHOL, OPP. S.S.S. OFFICE, GBONGAN",192,117,3,0,7.4801894,4.346061,1,True,True,False
Osun,AYEDAADE,BALOGUN,29-03-01-004,"ST. PATRICK'S GRAMMAR SCHOOL, II ADENUGA AREA, GBONGAN",168,200,5,0,7.4762865,4.3513749,1,False,False,True
Osun,AYEDAADE,OTUN BALOGUN,29-03-02-004,"ILE OLOJIN ILE OLOJIN AREA, GBONGAN",163,138,9,0,7.4762865,4.3513749,1,True,True,False
Osun,AYEDAADE,OLUFI,29-03-03-006,"ILE AKANTI / OJUDE ASEDA, AKANTI COMP. GBONGAN",170,149,4,0,7.4801894,4.346061,1,True,True,False
Osun,AYEDAADE,OTUN-OLUFI,29-03-04-008,"E.D.C. SCHOOL, ARAROMI, ADENUGA AREA, GBONGAN",206,132,5,1,7.4764933,4.3489667,1,True,True,False
Osun,AYEDAADE,OTUN-OLUFI,29-03-04-011,"ABEKOKO, ABEKOKO AREA, GBONGAN",213,130,3,0,7.4762865,4.3513749,1,True,True,False
Osun,AYEDIRE,OKE-OSUN,29-04-04-009,OLORUNDA MARKET,17,14,0,0,7.5581613,4.264103,1,False,False,True
Osun,AYEDIRE,OKE-OSUN,29-04-04-011,AJEBANDELE VILLAGE,28,10,0,0,7.5581613,4.264103,1,False,False,True
Osun,EDE NORTH,ABOGUNDE/SAGBA,29-07-02-006,12 BISIKU LANE,49,122,0,0,7.7415137,4.4299391,1,True,True,False
Osun,BORIPE,OJA - OBA,29-06-02-003,BAPTIST PRY SCHOOL IRAGBIJI,195,76,3,0,7.9019887,4.6908081,1,True,True,False
Osun,BORIPE,OJA - OBA,29-06-02-005,TINUBU FAGBEMI IRAGBIJI,254,70,0,0,7.9037937,4.6896095,1,False,False,True
Osun,BORIPE,OJA - OBA,29-06-02-006,OSOLO HALL IRAGBIJI,257,106,2,0,7.9056559,4.6872779,1,False,False,True
Osun,BORIPE,COLLEGE/EGBADA ROAD,29-06-03-001,"METHODIST PRYMARY SCHOOL, IRAGBIJI",256,71,0,0,7.8997852,4.6991428,1,False,False,True
Osun,BORIPE,COLLEGE/EGBADA ROAD,29-06-03-003,ARAROMI,223,67,0,0,7.8358911,4.6347041,1,True,True,False
Osun,BORIPE,COLLEGE/EGBADA ROAD,29-06-03-005,EGBEDA VILLAGE II,211,14,1,0,7.7984057,4.6534303,1,False,False,True
Osun,BORIPE,COLLEGE/EGBADA ROAD,29-06-03-006,AYEKALE VILLAGE,222,29,0,0,7.8412435,4.6638764,1,False,False,True
Osun,BORIPE,ISALE-OYO,29-06-04-002,PRY. HEALTH CENTRE,252,86,1,0,7.8543365,4.6837934,1,False,False,True
Osun,BORIPE,ISALE-OYO,29-06-04-003,K  & S PRY. SCHOOL,247,70,1,0,7.8543365,4.6837934,1,False,False,True
Osun,BORIPE,ISALE-OYO,29-06-04-005,ALADE MARKET,276,92,0,0,7.8543365,4.6837934,1,False,False,True
Osun,BORIPE,AGBA,29-06-05-005,METHODIST PRY SCHOOL AAGBA,127,146,5,0,7.8167271,4.7355948,1,True,True,False
Osun,BORIPE,ADA I,29-06-07-003,"PEOPLE'S BANK, ADA",135,153,4,0,7.9062185,4.7154665,1,True,True,False
Osun,BORIPE,ADA I,29-06-07-005,"OJOMU COMPOUND, ADA",109,115,1,2,7.9062185,4.7154665,1,True,True,False
Osun,BORIPE,ADA I,29-06-07-006,"OLUODE COMPOUND, ADA",149,148,1,0,7.9062185,4.7154665,1,True,True,False
Osun,BORIPE,OKE ESA/OKE OGI,29-06-10-003,"N.U.D. PRY. SCHOOL, IREE",49,67,6,0,7.8998575,4.6926794,1,True,True,False
Osun,BORIPE,OKE ESA/OKE OGI,29-06-10-005,"BAALE ITAKE, IREE",0,0,0,0,7.935237,4.7303397,1,False,False,True
Osun,BORIPE,OKE AREE,29-06-11-001,"POLY. STAFF. SCHOOL, IREE",8,2,120,0,7.9420115,4.7316332,1,False,False,True
Osun,EDE NORTH,ABOGUNDE/SAGBA,29-07-02-004,"C.A.C. PRY. SCHOOL, TALAFIA",68,168,7,0,7.7362614,4.4254837,1,True,True,False
Osun,BORIPE,OJA - OBA,29-06-02-004,JAGUN HALL IRAGBIJI,270,75,0,0,7.903845,4.6869235,1,False,False,True
Osun,BORIPE,OJA - OBA,29-06-02-002,TOWN HALL IRAGBIJI,252,57,2,0,7.8985971,4.7015076,1,False,False,True
Osun,AYEDIRE,ILEOGBO  I,29-04-05-001,IDI ORE MARKET,239,101,0,0,7.6314425,4.2358987,1,False,False,True
Osun,BORIPE,OJA - OBA,29-06-02-001,ARUGBA OJOMU SQUARE IRAGBIJI,239,28,0,0,7.9037937,4.6896095,1,False,False,True
Osun,AYEDIRE,ILEOGBO  I,29-04-05-002,"LUTHER KING'S COLLEGE, ILEOGBO",231,147,26,0,7.6274092,4.2389295,1,False,False,True
Osun,AYEDIRE,ILEOGBO  I,29-04-05-004,"N.U. D. SCHOOL, ILEOGBO I",158,65,6,0,7.6314425,4.2358987,1,True,False,False
Osun,AYEDIRE,ILEOGBO  III,29-04-07-002,IDI-OGUN OPEN SPACE,133,229,0,0,7.6069732,4.248717,1,True,True,False
Osun,AYEDIRE,ILEOGBO  III,29-04-07-003,"COMPREHENSIVE HEALTH CENTRE, ILEOGBO",200,164,1,0,7.6174921,4.2671149,1,True,True,False
Osun,AYEDIRE,ILEOGBO  III,29-04-07-004,AGE'S COMPD. ILEOGBO,173,169,6,0,7.6174921,4.2671149,1,True,True,False
Osun,AYEDIRE,ILEOGBO  IV,29-04-08-002,"AFRICAN CHURCH AREA, OPEN SPACE",145,221,2,0,7.6312421,4.2564094,1,True,True,False
Osun,AYEDIRE,ILEOGBO  IV,29-04-08-003,GBOGBO OPEN SPACE,149,208,1,0,7.6312421,4.2564094,1,True,True,False
Osun,AYEDIRE,KUTA  II,29-04-10-004,"C.M.S SCHOOL, ILORO",101,151,0,0,7.6228495,4.2846246,1,True,True,False
Osun,AYEDIRE,KUTA  II,29-04-10-005,ODE OOSA OPEN SPACE,182,125,0,0,7.6228495,4.2846246,1,True,True,False
Osun,BOLUWADURO,GBELERU OBAALA II,29-05-05-001,ESILE RECREATION HALL I,88,83,2,0,7.8828099,4.8054142,1,True,True,False
Osun,BOLUWADURO,GBELERU OBAALA II,29-05-05-005,ARAGBA VILLAGE,26,12,0,0,7.8828099,4.8054142,1,False,False,True
Osun,BOLUWADURO,GBELERU OBAALA II,29-05-05-006,KAJOLA/OGUNDEJI VILLAGE,67,58,0,0,7.8828099,4.8054142,1,False,True,False
Osun,BOLUWADURO,GBELERU OBAALA II,29-05-05-008,BUDO KIRIJI VILLAGE,72,56,0,0,7.8828099,4.8054142,1,False,True,False
Osun,BOLUWADURO,OKE-IRUN,29-05-08-003,COMMUNITY PRIMARY SCHOOL,65,94,3,0,7.9262356,4.8054142,1,True,True,False
Osun,BOLUWADURO,OKE-IRUN,29-05-08-004,AJEBANDELE VILLAGE,47,23,0,0,7.9262356,4.8054142,1,False,False,True
Osun,BORIPE,OLOTI IRAGBIJI,29-06-01-005,OKE - AGBO,245,68,1,0,7.9050865,4.6842259,1,False,False,True
Osun,BORIPE,OLOTI IRAGBIJI,29-06-01-006,AROMADU I,252,117,1,0,7.9166669,4.6915484,1,False,False,True
Osun,EJIGBO,ELEJIGBO 'B'/OSOLO,29-10-02-014,MOYOFADE COM. BANK,1,80,12,2,7.8954066,4.3138352,1,False,False,True
Osun,EGBEDORE,IWOYE/IDOO/ORIGO,29-09-07-002,IDOO VILLAGE,152,162,6,0,7.7210987,4.372894,1,True,True,False
Osun,EJIGBO,ELEJIGBO 'D'/EJEMU,29-10-04-003,MAGISTRATE COURT,164,75,1,1,7.5128574,4.372894,1,True,True,False
Osun,IFE EAST,MOORE,29-13-01-010,"OPA  AREA, ILESHA ROAD",201,117,83,0,7.4961974,4.5684936,1,False,False,True
Osun,IFEDAYO,CO-OPERATIVE,29-12-08-001,OKE ALAFA BUS STOP I,72,79,6,0,8.0340506,5.0488098,1,True,True,False
Osun,IFEDAYO,AKESIN,29-12-09-004,ORA R. C. M. PRY. SCHOOL II,33,84,2,0,8.0316388,5.0498058,1,True,True,False
Osun,IFEDAYO,AKESIN,29-12-09-005,ORA R. C. M.  PRY. SCHOOL III,45,78,2,0,8.0316388,5.0498058,1,True,True,False
Osun,IFEDAYO,TEMIDIRE,29-12-10-003,"COMM. PRY. SCHOOL, I TEMIDIRE",17,29,0,0,7.9915283,5.0260479,1,False,False,True
Osun,IFE EAST,MOORE,29-13-01-003,"ST. GABRIEL PRY. SCHOOL, I MOORE",117,81,23,3,7.4357606,4.6243751,1,True,True,False
Osun,IFE EAST,MOORE,29-13-01-004,ST. GABRIEL PRY. SCHOOL II MOORE,126,86,27,0,7.4357606,4.6243751,1,True,True,False
Osun,IFE EAST,MOORE,29-13-01-007,"C. A. C. PRY. SHOOL, OBALURU VILLAGE",61,49,1,0,7.4357606,4.6243751,1,True,True,False
Osun,IFE EAST,MOORE,29-13-01-008,"ABA OMPETU, OMPETU VILLAGE",39,23,1,0,7.4357606,4.6243751,1,True,True,False
Osun,IFE EAST,ILODE  I,29-13-02-006,"AKODI AJAMOPO, AJAMOPO",149,95,8,0,7.4818201,4.5598254,1,True,True,False
Osun,IFEDAYO,ASAONI,29-12-07-004,OKE YARD ORA II,21,16,2,0,8.0360335,5.0533632,1,False,False,True
Osun,IFE EAST,ILODE  II,29-13-03-006,"OONI GIRLS' HIGH SCHOOL, OKE-OGBO",182,146,45,3,7.470501,4.5749393,1,False,False,True
Osun,IFE EAST,OKEREWE  I,29-13-04-001,"ST. PHILIPS PRY. SCHOOL I, AYETORO",101,81,23,0,7.4747327,4.5620034,1,True,True,False
Osun,IFE EAST,OKEREWE  I,29-13-04-005,"A.U.D GRAMMAR SCHOOL, ILORO",0,0,0,0,7.4676177,4.566537,1,False,False,True
Osun,IFE EAST,OKEREWE  I,29-13-04-008,"AKODI JAARAN, OKE-SODA",118,60,5,0,7.4415278,4.5882392,1,False,True,False
Osun,IFE EAST,OKEREWE  II,29-13-05-009,"P.S.P. PRY. SCHOOL, EDENA STREET",0,0,0,0,7.4802556,4.5605083,1,False,False,True
Osun,IFE EAST,OKEREWE  III,29-13-06-005,"AGIDI ARUBIDI, OKE AYETORO JUNCTION",144,69,8,2,7.4747327,4.5620034,1,False,True,False
Osun,IFE EAST,OKEREWE  III,29-13-06-008,"IFELODUN COMM. PRY. SCHOOL, ONDO ROAD",180,155,42,0,7.4567293,4.5564025,1,False,False,True
Osun,IFE EAST,YEKEMI,29-13-07-006,"IYAN FOWOROGI PRY. SCHOL, IYAN FOWOROGI",171,63,25,3,7.473912,4.5393846,1,True,True,False
Osun,IFEDAYO,ASAONI,29-12-07-007,MATERNITY CENTRE ORA,57,82,2,0,8.0360335,5.0533632,1,True,True,False
Osun,IFEDAYO,AWORO/OKE-ILA RURAL,29-12-06-007,ENSINKIN VILLAGE,15,35,0,0,7.9890943,5.0026454,1,False,False,True
Osun,IFE CENTRAL,AKARABATA,29-11-10-003,AKARABATA LINE  III,89,83,9,0,7.48648,4.5456814,1,True,True,False
Osun,IFE CENTRAL,MOORE OJAJA,29-11-11-002,AGBEDEGBEDE STREET,102,26,0,0,7.5174356,4.5114744,1,True,True,False
Osun,IFE CENTRAL,AKARABATA,29-11-10-005,URBAN DAY GRAMMAR SCHOOL,44,30,17,0,7.4881889,4.5323517,1,True,True,False
Osun,IFE CENTRAL,AKARABATA,29-11-10-006,LOCAL GOVT. MINI MARKET,64,34,8,0,7.48648,4.5456814,1,True,True,False
Osun,EJIGBO,ELEJIGBO/AYEGBOGBO,29-10-05-002,"C.A.C.PRY. SCHOOL, 1",228,94,7,0,7.8964509,4.2974547,1,False,False,True
Osun,IFE CENTRAL,AKARABATA,29-11-10-008,FRONTAGE OF ISAWUMI,67,71,13,0,7.48648,4.5456814,1,True,True,False
Osun,IFE CENTRAL,AKARABATA,29-11-10-009,FRONTAGE OF LENARDS,53,41,12,1,7.48648,4.5456814,1,True,True,False
Osun,IFE CENTRAL,AKARABATA,29-11-10-010,FRONTAGE OF LITTLE BY LITTLE,56,54,4,0,7.48648,4.5456814,1,True,True,False
Osun,IFE CENTRAL,AKARABATA,29-11-10-011,FRONTAGE OF WATER CORPORATION,52,21,8,0,7.4879839,4.5364979,1,True,True,False
Osun,IFE CENTRAL,AKARABATA,29-11-10-012,S.D.A. PRY. SCHOOL,79,55,11,0,7.4884124,4.5414318,1,True,True,False
Osun,IFE CENTRAL,MOORE OJAJA,29-11-11-006,AFTER POLICE STATION,127,63,12,0,7.5174356,4.5114744,1,True,True,False
Osun,IFEDAYO,AWORO/OKE-ILA RURAL,29-12-06-004,EJIFUNMI MARKET CENTRE,0,0,0,0,7.9965995,5.005103,1,False,False,True
Osun,IFE CENTRAL,MOORE OJAJA,29-11-11-007,"OPP. PAPA OWOYOMI, OJAJA LINE I",104,75,7,0,7.5174356,4.5114744,1,True,True,False
Osun,IFE CENTRAL,MOORE OJAJA,29-11-11-008,FAJUYI ROAD,121,91,23,0,7.4925658,4.5577092,1,True,True,False
Osun,IFE CENTRAL,MOORE OJAJA,29-11-11-012,IFE CITY AREA II,135,67,25,0,7.5174356,4.5114744,1,True,True,False
Osun,IFE CENTRAL,MOORE OJAJA,29-11-11-013,OPA AREA,154,56,49,0,7.5174356,4.5114744,1,True,True,False
Osun,IFE CENTRAL,MOORE OJAJA,29-11-11-014,ALAKOWE,42,37,12,0,7.5174356,4.5114744,1,True,True,False
Osun,IFE CENTRAL,MOORE OJAJA,29-11-11-015,ERE-OLA,144,54,42,0,7.5174356,4.5114744,1,True,True,False
Osun,IFE CENTRAL,MOORE OJAJA,29-11-11-019,MOORE,77,21,19,0,7.5174356,4.5114744,1,True,True,False
Osun,IFEDAYO,OYI,29-12-01-003,"ST. STEPHEN SCHOOL, ARAROMI",192,220,2,0,7.9354009,4.9506747,1,False,False,True
Osun,IFE EAST,MODAKEKE I,29-13-08-005,"COMM. GRAMMAR SCHOOL, TORO ROAD",234,72,26,2,7.4554641,4.5443923,1,False,False,True
Osun,IFE EAST,MODAKEKE I,29-13-08-006,"BOOSA MARKET, BOOSA MARKET",195,64,3,0,7.4678,4.5527,1,False,False,True
Osun,IFE EAST,MODAKEKE I,29-13-08-008,"ST. STEPHEN 'C' PRY. SCHOOL, ADEOWO",252,81,23,2,7.4554641,4.5443923,1,False,False,True
Osun,IFE NORTH,OYERE - II,29-15-10-004,APAMU IBADAN,57,58,0,0,7.2669377,4.3855847,1,True,True,False
Osun,IFELODUN,"STATION ROAD, IKIRUN",29-14-06-008,AJELE'S COMPOUND/AJELE,141,149,3,1,7.9172423,4.6398693,1,True,True,False
Osun,ATAKUMOSA EAST,IGANGAN,29-01-02-003,"APOSTOLIC PRY. SCHOOL, OKO-AGO",3,0,199,0,7.3993236,4.7366953,1,False,False,True
Osun,IFELODUN,OKEBA IKIRUN,29-14-07-008,ADEJI/IGBO-ILE I,215,143,0,0,7.938852,4.6502012,1,True,True,False
Osun,IFELODUN,OLONDE IKIRUN,29-14-08-001,"IRAGBIJI RD., IKIRUN/HOLY MICHAEL PRY. SCH I",0,0,0,0,7.9154972,4.6747473,1,False,False,True
Osun,IFE NORTH,EDUNABON  I,29-15-02-008,ABOJO VILLAGE,22,56,0,0,7.5829793,4.4851265,1,True,True,False
Osun,IFE NORTH,EDUNABON  I,29-15-02-010,"C.A.C SCHOOL, EDUNABON  II",1,2,60,1,7.5254046,4.4556387,1,False,False,True
Osun,IFE NORTH,EDUNABON  II,29-15-03-006,EJEMU VILLAGE,36,69,0,0,7.5128574,4.372894,1,True,True,False
Osun,IFE NORTH,YAKOYO,29-15-05-005,"ST. JOHN'S SCHOOL, AYEDAADE",80,96,9,1,7.2022656,4.2743628,1,False,True,False
Osun,IFE NORTH,OYERE - II,29-15-10-005,"L.A. SCHOOL, ATOWO",63,90,1,0,7.2627943,4.4487619,1,True,True,False
Osun,IFE EAST,MODAKEKE  II,29-13-09-001,AKEREDOLU AREA ILE EPO,160,64,8,1,7.471757,4.5340805,1,True,True,False
Osun,IFE SOUTH,IKIJA  II,29-16-03-007,"COMMUNITY HIGH SCHOOL, ONIPEREGUN",74,68,0,0,7.2357189,4.70189,1,True,True,False
Osun,IFE SOUTH,IKIJA  II,29-16-03-008,OMINLA VILLAGE,53,52,1,0,7.2357189,4.70189,1,True,True,False
Osun,IFE SOUTH,OKE OWENA,29-16-06-001,ALABAMETA PRY. SCHOOL,106,122,4,1,7.1483808,4.5236495,1,False,True,False
Osun,IFE SOUTH,OSI,29-16-08-001,"ST. MATHEW PRY. SCHOL, OSI-OKERO",75,35,1,0,7.253574,4.5315029,1,True,True,False
Osun,IFE SOUTH,OSI,29-16-08-003,ANDU MATERNITY ANDU,56,16,1,0,7.253574,4.5315029,1,True,True,False
Osun,IFE SOUTH,OSI,29-16-08-005,"ABA JOSHUA PRY. SCHOOL, ABA JOSHUA I",76,70,1,0,7.253574,4.5315029,1,True,True,False
Osun,IFE SOUTH,OSI,29-16-08-010,"ALUTI ERIN PRY. SCHOOL, ALUTI ERIN",136,59,0,0,7.2106712,4.5255711,1,True,True,False
Osun,IFE SOUTH,OSI,29-16-08-011,ABA ADEMAKINWA,40,63,2,2,7.253574,4.5315029,1,True,True,False
Osun,IFELODUN,"STATION ROAD, IKIRUN",29-14-06-004,OJUDE ARO/OJUDE ARO,109,109,1,0,7.9172423,4.6398693,1,True,True,False
Osun,IFELODUN,"STATION ROAD, IKIRUN",29-14-06-003,POST OFFICE PREMISES/POST OFFICE,140,133,1,2,7.9172423,4.6398693,1,True,True,False
Osun,IFELODUN,"STATION ROAD, IKIRUN",29-14-06-002,NIFAAJI HOTEL/ NIFAAJI,135,149,1,0,7.9172423,4.6398693,1,True,True,False
Osun,IFELODUN,IKIRUN RURAL,29-14-05-001,"DAGBOLU/L.A. SCHOOL, DAGBOLU I",0,0,0,0,7.9101875,4.6859844,1,False,False,True
Osun,IFE EAST,MODAKEKE  II,29-13-09-002,AKODI ONILE ARAN ,119,92,0,0,7.471757,4.5340805,1,True,True,False
Osun,IFE EAST,MODAKEKE  II,29-13-09-003,ST. STEPHEN 'B' FAMIA ROAD,136,34,11,0,7.4780488,4.546237,1,True,True,False
Osun,IFE EAST,MODAKEKE  II,29-13-09-006,"OLORUNSOGO, OLORUNSOGO AREA",138,30,16,0,7.4767532,4.5423177,1,True,True,False
Osun,IFE EAST,MODAKEKE  II,29-13-09-008,"BAPTIST PRY. SCHOOL, ITAMERIN",136,68,3,2,7.471757,4.5340805,1,True,True,False
Osun,IFE EAST,MODAKEKE  III,29-13-10-003,"AKODI IJEDU  II, IJEDU AREA",154,45,6,0,7.4853287,4.526348,1,True,True,False
Osun,IFE EAST,MODAKEKE  III,29-13-10-005,"COMM. PRY SCHOOL, OKE-OLA  I",140,65,16,0,7.4858886,4.5328367,1,True,True,False
Osun,IFE EAST,MODAKEKE  III,29-13-10-006,AKODI BADA AKARABATA,119,83,19,0,7.48648,4.5456814,1,True,True,False
Osun,IFE EAST,MODAKEKE  III,29-13-10-007,"APOSTOLIC PRY. SCHOOL, JAGUNADADO",98,74,2,1,7.4808307,4.5448667,1,True,True,False
Osun,IFELODUN,OWODE IKIRUN,29-14-03-002,SCHOOL PREMISES/CAC PRY. SCHOOL I,142,176,4,0,7.9058341,4.6644713,1,True,True,False
Osun,IFELODUN,OWODE IKIRUN,29-14-03-003,SCHOOL PREMISES/CAC PRY. SCHOOL II,128,188,4,0,7.9058341,4.6644713,1,True,True,False
Osun,IFELODUN,OWODE IKIRUN,29-14-03-004,SCHOOL PREMISES/N.U.D. PRY. SCHOOL I,129,135,4,0,7.918145,4.664487,1,True,True,False
Osun,IFELODUN,OWODE IKIRUN,29-14-03-007,ANLAMOLE SQUARE/AGBALEKE,137,176,0,0,7.897924,4.6682867,1,True,True,False
Osun,IFELODUN,OWODE IKIRUN,29-14-03-009,EYINLOKO COMPOUND/ EYINLOMO/ FEKETE/ EBIPOLOGBA,113,129,0,0,7.897924,4.6682867,1,True,True,False
Osun,IFELODUN,ISALE/OKE AFO,29-14-04-001,"OKE AFO/METHODIST PRY. SCHOOL, IKIRUN",93,156,0,0,7.8987716,4.6662335,1,True,True,False
Osun,IFELODUN,ISALE/OKE AFO,29-14-04-006,ADEYEMI MARKET/ADEYEMI MARKET SQUARE,125,113,3,0,7.908897,4.6579514,1,True,True,False
Osun,IFELODUN,ISALE/OKE AFO,29-14-04-007,ELEMO SQUARE/ ELEMO SQUARE,139,114,1,0,7.908897,4.6579514,1,True,True,False
Osun,IFELODUN,ISALE/OKE AFO,29-14-04-008,AREFONTA AREA/AREFONTA,100,180,0,0,7.908897,4.6579514,1,True,True,False
Osun,IFE CENTRAL,AKARABATA,29-11-10-004,FRONTAGE OF L.I.E.'S OFFICE,96,48,3,0,7.48648,4.5456814,1,True,True,False
Osun,IFE CENTRAL,AKARABATA,29-11-10-007,ORANMIYAN SHOPPING COMPLEX,86,56,14,0,7.4873433,4.5465479,1,True,True,False
Osun,IFE CENTRAL,AKARABATA,29-11-10-002,AKARABATA LINE  II,80,47,17,1,7.48648,4.5456814,1,True,True,False
Osun,IFE CENTRAL,ILARE IV,29-11-04-015,OPEN SPACE OLUMOGBE II,87,46,6,1,7.4897408,4.55664,1,True,True,False
Osun,IFE CENTRAL,ILARE II,29-11-02-005,OPEN SPACE IREBAMI LINE I,49,51,8,0,7.5554803,4.5315029,1,True,True,False
Osun,IFE CENTRAL,ILARE II,29-11-02-007,OPEN SPACE IREBAMI LINE I,70,49,11,0,7.5554803,4.5315029,1,True,True,False
Osun,IFE CENTRAL,ILARE II,29-11-02-012,OPEN SPACE IBUKUNOLU LINE  I,110,61,16,1,7.5554803,4.5315029,1,True,True,False
Osun,IFE CENTRAL,ILARE II,29-11-02-013,OPEN SPACE IBUKUNOLU LINE  I,89,45,20,3,7.5554803,4.5315029,1,True,True,False
Osun,IFE CENTRAL,ILARE II,29-11-02-014,OPEN SPACE IBUKUNOLU LINE  I,74,26,6,0,7.5554803,4.5315029,1,True,True,False
Osun,IFE CENTRAL,ILARE IV,29-11-04-009,AKODI AYEDUN,102,37,1,0,7.4897408,4.55664,1,True,True,False
Osun,IFE CENTRAL,ILARE IV,29-11-04-011,AKODI ADEJOKUN,76,34,4,1,7.4897408,4.55664,1,True,True,False
Osun,IFE CENTRAL,ILARE IV,29-11-04-014,OPEN SPACE OLUMOGBE I,96,48,3,0,7.4897408,4.55664,1,True,True,False
Osun,IFE CENTRAL,ILARE IV,29-11-04-016,OPEN SPACE OLUMOGBE II,70,43,9,0,7.4897408,4.55664,1,True,True,False
Osun,IFE CENTRAL,IREMO II (ELEYELE),29-11-06-001,OPEN SPACE MAYFAIR JUNCTION,68,27,42,0,7.4910797,4.5342582,1,True,True,False
Osun,IFE CENTRAL,ILARE IV,29-11-04-017,OPEN SPACE OLUMOGBE II,86,22,4,0,7.4897408,4.55664,1,True,True,False
Osun,IFE CENTRAL,IREMO/AJEBANDELE,29-11-05-001,NEW GARAGE (OPEN SPACE MOTOR PARK),106,65,28,4,7.5554803,4.5315029,1,True,True,False
Osun,IFE CENTRAL,IREMO/AJEBANDELE,29-11-05-002,NEW GARAGE (OPEN SPACE MOTOR PARK),57,24,53,0,7.5554803,4.5315029,1,True,True,False
Osun,IFE CENTRAL,IREMO/AJEBANDELE,29-11-05-003,NEW GARAGE (OPEN SPACE MOTOR PARK),70,55,27,1,7.5554803,4.5315029,1,True,True,False
Osun,IFE CENTRAL,IREMO/AJEBANDELE,29-11-05-006,"O.A.U. QUARTERS, 1ST BUS STOP",80,10,60,0,7.5195943,4.5323669,1,True,True,False
Osun,IFE CENTRAL,IREMO/AJEBANDELE,29-11-05-007,"O.A.U. QUARTERS, 2ND BUS STOP",81,16,78,0,7.5195943,4.5323669,1,True,True,False
Osun,IFE CENTRAL,IREMO/AJEBANDELE,29-11-05-009,OBAGBILE (O.A.U FARM),62,5,53,0,7.5174314,4.5227636,1,True,True,False
Osun,IFE CENTRAL,IREMO/AJEBANDELE,29-11-05-011,"L.A. PRY. SCHOOL, ELEFON",105,47,1,0,7.4959017,4.4997979,1,False,True,False
Osun,IFE CENTRAL,ILARE II,29-11-02-004,OPEN SPACE IREBAMI LINE I,78,25,14,0,7.5554803,4.5315029,1,True,True,False
Osun,IFE CENTRAL,ILARE I,29-11-01-016,OPEN SPACE MOKOLA,156,57,20,0,7.5554803,4.5315029,1,True,True,False
Osun,IFE CENTRAL,ILARE I,29-11-01-005,O.A.U. STAFF  QUARTERS,96,17,45,0,7.5229769,4.512909,1,True,True,False
Osun,EJIGBO,INISA II/AFAAKE/AYEGUNLE,29-10-11-012,OSUNTEDO,139,120,3,0,7.6944536,4.3298644,1,True,True,False
Osun,EJIGBO,OLA/AYE/AGURODO,29-10-06-005,"AYE, MARKET JUNCTION",134,133,0,0,7.9237714,4.2483965,1,True,True,False
Osun,EJIGBO,OLA/AYE/AGURODO,29-10-06-006,AGURODO MARKET SQUARE,157,127,6,0,7.9424588,4.2642633,1,True,True,False
Osun,EJIGBO,OLA/AYE/AGURODO,29-10-06-007,"PROPOSED HEALTH CENTRE, AGURODO",99,109,9,0,7.9424588,4.2642633,1,True,True,False
Osun,EJIGBO,IFEODAN 'A'/OWU-ILE,29-10-07-001,IFE-ODAN TOWN HALL,104,173,3,0,7.82965,4.097664,1,True,True,False
Osun,EJIGBO,IFEODAN 'A'/OWU-ILE,29-10-07-002,IFE-ODAN POSTAL AGENCY  I,149,170,2,0,7.82965,4.097664,1,True,True,False
Osun,EJIGBO,IFEODAN 'A'/OWU-ILE,29-10-07-003,IFE-ODAN POSTAL AGENCY  II,108,122,5,0,7.82965,4.097664,1,True,True,False
Osun,EJIGBO,IFEODAN 'A'/OWU-ILE,29-10-07-004,"OKE AFIN/IWO ATE, IFE-ODAN",136,175,0,0,7.82965,4.097664,1,True,True,False
Osun,EJIGBO,IFEODAN 'A'/OWU-ILE,29-10-07-005,"OWU-ILE, NEAR PALACE",160,179,0,0,7.82965,4.097664,1,True,True,False
Osun,EJIGBO,IFEODAN 'B'/MASIFA,29-10-08-001,LOGUN OKE-OLA,116,165,6,0,7.894045,4.2581865,1,True,True,False
Osun,EJIGBO,IFEODAN 'B'/MASIFA,29-10-08-002,TEMIDIRE BALOGUN,117,131,4,1,7.894045,4.2581865,1,True,True,False
Osun,EJIGBO,IFEODAN 'B'/MASIFA,29-10-08-003,MASIFA POSTAL AGENCY,188,161,3,0,7.894045,4.2581865,1,True,True,False
Osun,EJIGBO,IFEODAN 'B'/MASIFA,29-10-08-006,OGURO MARKET SQUARE,81,174,3,0,7.894045,4.2581865,1,True,True,False
Osun,EJIGBO,ILAWO/ISOKO/ISUNDUNRIN,29-10-09-002,OOSA/JAGUN/ARO,159,105,0,0,7.861704,4.2435893,1,True,True,False
Osun,EJIGBO,ILAWO/ISOKO/ISUNDUNRIN,29-10-09-003,ILAWO BAPTIST DAY SCHOOL,106,125,4,0,7.9159433,4.2770646,1,True,True,False
Osun,EJIGBO,ILAWO/ISOKO/ISUNDUNRIN,29-10-09-008,ISUNDURIN ORI-OKE QUARTERS,122,147,3,0,7.861704,4.2435893,1,True,True,False
Osun,EJIGBO,INISA I/AATO/IGBON,29-10-10-002,AJOGBELEDE/APONLA,143,98,1,0,7.8231983,4.3447924,1,False,True,False
Osun,EJIGBO,INISA I/AATO/IGBON,29-10-10-006,"BAPT. DAY SCHOOL, IKA",178,131,17,0,7.7813259,4.3666383,1,True,True,False
Osun,IFE CENTRAL,IREMO/AJEBANDELE,29-11-05-012,"OPEN SPACE FALAJU STREET, EDE-ROAD",76,27,18,0,7.4941238,4.527211,1,True,True,False
Osun,IFE CENTRAL,IREMO/AJEBANDELE,29-11-05-008,"BLESSING NURSERY AND PRY. SCHOOL, FAOLA LAYOUT",72,38,47,0,7.5554803,4.5315029,1,True,True,False
Osun,IFE CENTRAL,IREMO III,29-11-07-007,AKODI OBALUFON I,108,63,19,0,7.4870951,4.5514827,1,True,True,False
Osun,IFE CENTRAL,IREMO III,29-11-07-015,AKODI LATALE,159,65,11,1,7.4870951,4.5514827,1,True,True,False
Osun,IFE CENTRAL,IREMO III,29-11-07-011,AKODI JARAN ARINLOYE,59,44,1,0,7.4870951,4.5514827,1,True,True,False
Osun,IFE CENTRAL,IREMO III,29-11-07-010,"ST. PETER'S PRY. SCHOOL, IREMO",137,94,11,0,7.4853632,4.5525899,1,True,True,False
Osun,IFE CENTRAL,IREMO III,29-11-07-009,OPEN SPACE AYIBIOWU,132,46,15,0,7.4870951,4.5514827,1,True,True,False
Osun,IFE CENTRAL,IREMO III,29-11-07-008,AKODI OBALUFON  II,100,68,39,1,7.4870951,4.5514827,1,True,True,False
Osun,IFE CENTRAL,IREMO II (ELEYELE),29-11-06-004,OPEN SPACE LATI ELUYERA,142,39,13,2,7.4986919,4.5392361,1,True,True,False
Osun,IFE CENTRAL,IREMO III,29-11-07-006,OLUBUSE MARKET (ISO OBI),120,41,14,0,7.4991772,4.515236,1,True,True,False
Osun,IFE CENTRAL,IREMO III,29-11-07-012,OPEN SPACE ILARA,105,42,19,0,7.4870951,4.5514827,1,True,True,False
Osun,IFE CENTRAL,IREMO III,29-11-07-004,FRONTAGE OF ALIMI'S HOUSE,107,36,10,0,7.4870951,4.5514827,1,True,True,False
Osun,IFE CENTRAL,IREMO III,29-11-07-003,RECREATION CLUB,88,19,32,0,7.4869284,4.548769,1,True,True,False
Osun,IFE CENTRAL,IREMO III,29-11-07-002,AKODI FAYIMOKA,140,52,9,0,7.4870951,4.5514827,1,True,True,False
Osun,IFE CENTRAL,IREMO III,29-11-07-001,AKODI OBALAYE AJUPEPE,109,65,14,0,7.4870951,4.5514827,1,True,True,False
Osun,IFE CENTRAL,IREMO III,29-11-07-013,AKODI MOKU,188,21,12,0,7.4870951,4.5514827,1,True,True,False
Osun,IFE CENTRAL,IREMO II (ELEYELE),29-11-06-016,OPEN SPACE OPP. PROF. ABIRI'S HOUSE,127,57,25,0,7.4986919,4.5392361,1,True,True,False
Osun,IFE CENTRAL,IREMO II (ELEYELE),29-11-06-015,TOWN PLANNING OFFICE,112,27,42,1,7.4986919,4.5392361,1,True,True,False
Osun,IFE CENTRAL,IREMO II (ELEYELE),29-11-06-007,FRONTAGE NITEL,74,35,22,0,7.4986919,4.5392361,1,True,True,False
Osun,IFE CENTRAL,IREMO II (ELEYELE),29-11-06-005,LIVING HOPE HOSPITAL,121,59,70,1,7.4959559,4.5438695,1,True,True,False
Osun,IFE CENTRAL,IREMO III,29-11-07-016,AKODI LATALE,117,25,6,0,7.4870951,4.5514827,1,True,True,False
Osun,IFE CENTRAL,IREMO III,29-11-07-017,L.G. OFFICE OJA TUNTUN,129,95,13,0,7.4870951,4.5514827,1,True,True,False
Osun,IFE CENTRAL,IREMO V,29-11-09-012,HIGH COURT ADEREMI ROAD,154,67,30,0,7.4843631,4.549865,1,True,True,False
Osun,IFE CENTRAL,AKARABATA,29-11-10-001,AKARABATA LINE  I,137,51,17,0,7.48648,4.5456814,1,True,True,False
Osun,IFE CENTRAL,IREMO II (ELEYELE),29-11-06-012,BISHOP'S COURT PARAKIN OBALUFE,107,32,62,1,7.4932317,4.5319365,1,True,True,False
Osun,IFE CENTRAL,IREMO II (ELEYELE),29-11-06-009,"ST. MATHEW  NURSERY/PRY. SCHOOL, ELEYELE",94,74,20,0,7.4871173,4.5457596,1,True,True,False
Osun,IFE CENTRAL,IREMO II (ELEYELE),29-11-06-006,FRONTAGE SERAMO GUEST HOUSE,127,54,21,0,7.4969009,4.5500243,1,True,True,False
Osun,OSOGBO,ATAOJA  'E',29-30-05-017,ADEWALE STREET,182,91,23,0,7.7782391,4.5414634,0,True,False,False
Osun,OSOGBO,OTUN JAGUN 'B',29-30-06-014,"ST. BENEDICT SCHOOL, 'B'",112,57,1,0,7.7628109,4.5617978,0,True,False,False
Osun,AYEDAADE,BALOGUN,29-03-01-003,"ST. PATRICK'S GRAMM. SCHOOL, I ADENUGA AREA, GBONGAN",167,150,4,0,7.4762865,4.3513749,0,True,False,False
Osun,OLA-OLUWA,ASA AJAGUNLASE,29-26-10-009,"D.C. PRY SCHOOL, AJAGUNLASE",200,115,0,21,7.818697,4.2025859,0,True,False,False
Osun,ATAKUMOSA EAST,IPERINDO,29-01-04-004,MATT. CENT AGO ISEGUN,16,176,0,0,7.4956801,4.8235509,0,True,False,False
Osun,OSOGBO,ATAOJA  'A',29-30-01-007,6 LARO STR,95,55,3,0,7.7662717,4.5566375,0,True,False,False
Osun,OBOKUN,ILASE/IDOMINASI,29-24-04-005,KILORU ANGLICAN PRY. SCHOOL,91,167,1,0,7.7379881,4.6657027,0,True,False,False
Osun,OBOKUN,ESA - ODO,29-24-09-001,ESA-ODO APOSTOLIC PRY. SCHOOL,125,205,1,0,7.7367348,4.8395177,0,True,False,False
Osun,OSOGBO,ATAOJA  'A',29-30-01-005,"5, LARO STREET",135,52,6,0,7.7662717,4.5566375,0,True,False,False
Osun,OSOGBO,OTUN JAGUN 'B',29-30-06-011,ST. BENEDICT SCHOOL (A),92,49,4,0,7.7628109,4.5617978,0,True,False,False
Osun,ODO-OTIN,OBA OJOMU,29-25-01-006,"OYEKUNLE D.C. PRY. SCHOOL, OKUKU",53,159,14,0,8.0317548,4.6810471,0,True,False,False
Osun,IWO,ISALE OBA  IV,29-23-04-002,"D.C PRY. SCHOOL, OKE-OLA II",166,126,1,0,7.6270628,4.1751813,0,True,False,False
Osun,ODO-OTIN,IGBAYE,29-25-03-003,"ST. MARY'S PRY. SCHOOL, IGBAYE",75,150,16,0,8.0340018,4.647618,0,True,False,False
Osun,ODO-OTIN,OLUNISA,29-25-10-001,"INISA GRAMMAR SCHOOL, INISA",133,129,14,0,7.9713947,4.6551336,0,True,False,False
Osun,IREPODUN,BARA 'B',29-20-06-004,LANLOKO,107,214,0,0,7.9021368,4.5315029,0,True,False,False
Osun,OSOGBO,ATAOJA  'D',29-30-04-006,L.G. DISPENSARY,122,72,21,0,7.7706173,4.5483805,0,True,False,False
Osun,OLA-OLUWA,ASA AJAGUNLASE,29-26-10-007,IDIYA VILLAGE,150,108,0,0,7.8128978,4.2061083,0,True,False,False
Osun,IWO,ISALE OBA  I,29-23-01-007,ODE AWUDERE JUNCTION,145,146,2,0,7.6252123,4.1808158,0,True,False,False
Osun,IWO,GIDIGBO  III,29-23-13-003,DISPENSARY ALAYE I,158,170,0,0,7.6356109,4.198847,0,True,False,False
Osun,IWO,ISALE OBA  I,29-23-01-006,OLOOLA II,152,139,0,0,7.6252123,4.1808158,0,True,False,False
Osun,IWO,ISALE OBA  I,29-23-01-003,"A.U.D. PRY. SCHOOL, AKINFENWA III",125,145,1,0,7.6252123,4.1808158,0,True,False,False
Osun,OSOGBO,JAGUN B',29-30-10-004,JIMMY RADIO  I,141,93,0,0,7.7628109,4.5617978,0,True,False,False
Osun,OSOGBO,ALAGBA,29-30-07-016,"25, ITA-OLOOKAN STREET`",86,91,2,0,7.7655618,4.5579294,0,True,False,False
Osun,IREWOLE,IKIRE 'F',29-21-06-001,"BAASE OPEN SPACE, BAASE, IKIRE",147,189,8,0,7.4366325,4.2666678,0,True,False,False
Osun,ODO-OTIN,EKOSIN/IYEKU,29-25-05-005,"TOWN HALL, IYEKU",132,168,0,0,8.0529904,4.5914647,0,True,False,False
Osun,ISOKAN,IDOGUN WARD,29-22-05-004,"IWARI ADEFI, PRY. SCHOL",99,159,1,0,7.214425,4.1206748,0,True,False,False
Osun,IREWOLE,IKIRE 'H',29-21-08-006,"BARALOLA OPEN SPACE, OKEODO AREA",152,114,0,0,7.4778676,4.1872178,0,True,False,False
Osun,ISOKAN,IDOGUN WARD,29-22-05-001,AWORIN SADIKU ADC PRY SCH,148,162,3,1,7.2837275,4.1187565,0,True,False,False
Osun,AYEDAADE,LAGERE/AMOLA,29-03-06-010,"ALAGBAA, ILE ALAGBAA ODE OMU",68,131,2,0,7.5405811,4.4027782,0,True,False,False
Osun,OROLU,OLUFON OROLU 'D',29-29-04-001,LOCAL GOVERNMENT JUNIOR STAFF QUARTERS (AJEGUNLE RESERVOUR AREA,92,110,7,0,7.8470655,4.4786885,0,True,False,False
Osun,OSOGBO,BABA KEKERE,29-30-14-021,"OPEN SPACE, BOOSERE STREET JUNCTION, AROGUNMASA AREA, OSOGBO",11,40,1,0,7.7660253,4.5779191,0,True,False,False
