State,LGA,Ward,PU-Code,PU-Name,APC,PDP,LP,NNPP,Latitude,Longitude,APC_Outlier_Score,PDP_Outlier_Score,LP_Outlier_Score,NNPP_Outlier_Score,Max_Outlier_Score
Osun,ATAKUMOSA EAST,IGANGAN,29-01-02-003,"APOSTOLIC PRY. SCHOOL, OKO-AGO",3,0,199,0,7.3993236,4.7366953,1,0,3,1,3
Osun,IFE NORTH,EDUNABON  I,29-15-02-010,"C.A.C SCHOOL, EDUNABON  II",1,2,60,1,7.5254046,4.4556387,1,1,1,3,3
Osun,IFE EAST,MOORE,29-13-01-003,"ST. GABRIEL PRY. SCHOOL, I MOORE",117,81,23,3,7.4357606,4.6243751,0,1,0,3,3
Osun,IFE EAST,OKEREWE  I,29-13-04-005,"A.U.D GRAMMAR SCHOOL, ILORO",0,0,0,0,7.4676177,4.566537,1,1,3,2,3
Osun,IFE EAST,OKEREWE  I,29-13-04-010,"THE APOSTOLIC PRY. SCHOOL, OKE-SODA",163,105,7,2,7.4284612,4.4851667,0,0,0,3,3
Osun,IFE EAST,MODAKEKE I,29-13-08-002,"L.A. PRY. SCHOOL, AMUDA OBA",184,45,7,2,7.4200403,4.6025738,0,0,0,3,3
Osun,IFE EAST,MODAKEKE  II,29-13-09-004,"HOLY SAVIOUR'S PRY. SCHOOL, OKE TUBU",279,120,31,0,7.4793407,4.5441827,1,3,1,1,3
Osun,IFE EAST,MODAKEKE  III,29-13-10-001,"OGUNSUA GRAM. SCHOOL, ESUYARE",292,137,43,0,7.4813767,4.5244155,1,3,1,2,3
Osun,IFELODUN,IKIRUN RURAL,29-14-05-001,"DAGBOLU/L.A. SCHOOL, DAGBOLU I",0,0,0,0,7.9101875,4.6859844,3,1,0,1,3
Osun,ATAKUMOSA EAST,IPOLE,29-01-03-005,OPEN SPACE IROGBO/IJEMBA,75,105,0,4,7.5703625,4.8141579,0,0,0,3,3
Osun,IFEDAYO,OYI,29-12-01-003,"ST. STEPHEN SCHOOL, ARAROMI",192,220,2,0,7.9354009,4.9506747,3,1,2,1,3
Osun,IFE NORTH,MORO,29-15-08-005,IFELODUN MARKET CENTRE,48,80,18,2,7.5398893,4.460356,0,0,0,3,3
Osun,IFE SOUTH,IKIJA  I,29-16-02-011,ABA BADA,50,34,0,1,7.2033606,4.7122337,2,0,1,3,3
Osun,IFE SOUTH,OLODE,29-16-07-001,COURT HALL OLODE,124,157,14,1,7.2738443,4.6553679,0,0,0,3,3
Osun,IFE SOUTH,OSI,29-16-08-011,ABA ADEMAKINWA,40,63,2,2,7.253574,4.5315029,0,1,0,3,3
Osun,IFE SOUTH,KERE,29-16-09-005,"ST. AGNES PRY. SCHOOL, IPONRIN",50,50,0,3,7.281028,4.514155,0,1,0,3,3
Osun,IFE SOUTH,ABIRI OGUDU,29-16-10-009,"ST. JOHN PRY. SCHOOL, OGUDU I",57,45,3,1,7.3599797,4.6553679,0,0,0,3,3
Osun,ILA,ISEDO  I,29-17-04-013,SECRETARIAT,144,328,3,1,8.0009562,4.9195154,1,1,2,3,3
Osun,IFEDAYO,OBAALE,29-12-05-007,OBALA OKE - ILA ,47,101,3,1,7.9539424,4.9896482,1,0,0,3,3
Osun,IFE CENTRAL,AKARABATA,29-11-10-009,FRONTAGE OF LENARDS,53,41,12,1,7.48648,4.5456814,0,1,0,3,3
Osun,BORIPE,ADA I,29-06-07-005,"OJOMU COMPOUND, ADA",109,115,1,2,7.9062185,4.7154665,0,1,0,3,3
Osun,EDE SOUTH,OLOKI/AKODA,29-08-09-004,"ISLAMIC PRY  SCHOOL, OLORUNDA II",12,15,5,0,7.6369854,4.4673434,1,1,1,3,3
Osun,EDE NORTH,ABOGUNDE/SAGBA,29-07-02-007,127 OJISUN COMP.,39,96,0,1,7.7245175,4.4027782,1,0,0,3,3
Osun,EDE NORTH,ALUSEKERE,29-07-05-001,ISEKI OLOTI,62,223,3,2,7.7236651,4.4851265,1,1,0,3,3
Osun,EDE NORTH,ALUSEKERE,29-07-05-004,"OWODE COMM. PRY SCHOOL,",217,380,147,2,7.729243,4.4696765,3,1,2,3,3
Osun,EDE NORTH,ASUNMO,29-07-10-003,OPEN SPACE OLOSUN COMP. EDE,108,0,6,0,7.7304127,4.4377033,1,3,1,2,3
Osun,EDE SOUTH,JAGUN/JAGUN ,29-08-03-002,"33, OJULAREDE ST. (OPEN SPACE)",25,114,2,1,7.7348277,4.4300826,1,0,1,3,3
Osun,EDE SOUTH,ALAJUE I,29-08-04-006,ODE-OKE,113,0,3,207,7.6535525,4.4593791,2,3,0,3,3
Osun,EDE SOUTH,ALAJUE II,29-08-05-001,ORISUMBARE VILLAGE,0,0,0,0,7.6994918,4.5088227,2,3,0,0,3
Osun,EGBEDORE,OKINNI/OLORUNSOGO/OFATEDO,29-09-10-009,"ST. JOHNS' PR. SCHOOL, OKINNI",107,121,8,1,7.7805384,4.521117,0,0,1,3,3
Osun,IFE CENTRAL,IREMO II (ELEYELE),29-11-06-012,BISHOP'S COURT PARAKIN OBALUFE,107,32,62,1,7.4932317,4.5319365,2,1,2,3,3
Osun,EJIGBO,ELEJIGBO 'B'/OSOLO,29-10-02-014,MOYOFADE COM. BANK,1,80,12,2,7.8954066,4.3138352,3,1,1,1,3
Osun,EJIGBO,ELEJIGBO 'C'/MAPO,29-10-03-001,"BEULAH BAPT. SCHOOL, EJIGBO",1,1,400,2,7.9075531,4.3167748,2,0,2,3,3
Osun,EJIGBO,ILAWO/ISOKO/ISUNDUNRIN,29-10-09-007,ISUNDUNRIN COMM. BANK,178,128,3,2,7.8655817,4.2628207,0,0,0,3,3
Osun,EJIGBO,INISA I/AATO/IGBON,29-10-10-001,AATO POSTAL AGENCY,204,154,2,1,7.8267832,4.3423844,1,0,1,3,3
Osun,IFE CENTRAL,IREMO/AJEBANDELE,29-11-05-010,"L.A. PRY. SCHOOL, AJEBAMIDELE",135,101,54,2,7.5554803,4.5315029,1,3,1,1,3
Osun,IFE CENTRAL,IREMO/AJEBANDELE,29-11-05-013,"POST GRADUATE HALL, O.A.U",45,12,36,1,7.5219993,4.5165631,1,2,2,3,3
Osun,IFE CENTRAL,IREMO II (ELEYELE),29-11-06-002,"L.A. PRY. SCHOOL, ELEYELE",78,40,27,1,7.4133304,3.8629852,0,0,3,1,3
Osun,ILA,EYINDI,29-17-07-007,ISALE AFA I,89,100,0,1,8.0181344,4.9032936,0,0,1,3,3
Osun,ILA,OKE EDE,29-17-09-002,AFIJIO II,39,47,0,1,7.9983926,4.9065376,0,1,1,3,3
Osun,ILESA EAST,IJAMO,29-18-05-004,FRONTAGE SANNI ELECTRONIC SHOP IJAMO,87,96,11,2,7.5962981,4.7588042,0,0,0,3,3
Osun,OSOGBO,EKETA,29-30-13-010,"5, KUJENYO STREET",68,64,0,2,7.7682301,4.5617978,0,0,0,3,3
Osun,OLORUNDA,ATELEWO,29-27-04-001,"117, SABO ROAD, OSOGBO",140,67,3,2,7.7727403,4.5629254,0,0,0,3,3
Osun,OSOGBO,ATAOJA  'A',29-30-01-015,FARM SETTLEMENT,101,64,2,0,7.7119648,4.5676009,3,2,1,0,3
Osun,OSOGBO,ATAOJA  'C',29-30-03-015,"L.A. PRY SCHOOL, LARO  II",129,94,31,1,7.7618331,4.5502741,0,0,1,3,3
Osun,OSOGBO,ATAOJA  'E',29-30-05-015,"27, AKINDEKO STREET",99,66,31,2,7.7760269,4.5411795,0,0,1,3,3
Osun,OSOGBO,ATAOJA  'E',29-30-05-016,OPP. TECHNICAL COLLEGE,91,71,36,2,7.7854637,4.5340805,0,0,1,3,3
Osun,OSOGBO,ARE-AGO,29-30-08-009,OWODE VILLAGE  II,207,108,38,1,7.7368129,4.5935307,2,0,2,3,3
Osun,OSOGBO,OTUN JAGUN 'A',29-30-12-003,IYIOLA SPECIAL BREAD I,76,69,1,1,7.7693218,4.5564857,0,0,0,3,3
Osun,EDE SOUTH,ALAJUE I,29-08-04-008,ANUOLU JUNCTION,97,331,17,0,7.6535525,4.4593791,2,1,1,3,3
Osun,ILESA WEST,OMOFE/IDASA,29-19-04-006,MERCY CLINIC,55,59,25,1,7.6309955,4.7374545,0,0,1,3,3
Osun,ATAKUMOSA EAST,IWARA,29-01-01-009,OPEN SPACE INFRONT OF OSUN STATE GOVT. REVENUE OFFICE,17,34,0,0,7.522265,4.704799,2,3,1,1,3
Osun,ATAKUMOSA WEST,OSU I,29-02-01-005,"OPEN SPACE, OJU OJA AYEYEMI",32,60,3,0,7.5922835,4.6295394,1,1,3,2,3
Osun,EDE NORTH,ASUNMO,29-07-10-007,INFRONT OF ASIPAODE COMPD. OLOSUN,16,42,0,0,7.7338,4.4276,1,3,1,1,3
Osun,ILESA WEST,ISOKUN,29-19-05-017,"OPEN SPACE AGBOWORIN JUNCTION NEAR TELECOM MAST, ILESA",13,40,3,0,7.6608139,4.7480005,1,1,3,1,3
Osun,ISOKAN,ASALU (MOGIMOGI),29-22-08-015,OPEN SPACE OPPOSITE HASIBUINALAH OIL DEPOT,9,18,8,0,7.348316,4.1974627,3,1,1,2,3
Osun,OLORUNDA,AYETORO,29-27-08-032,"ARAROMI ILUPEJU COMMUNITY PRIMARY SCHOOL, KELEBE, OSOGBO",0,0,0,0,7.8013132,4.5818425,3,1,2,0,3
Osun,OSOGBO,ATAOJA  'E',29-30-05-042,"OPEN SPACE, SALVATION ARMY PRY.SCHOOL CAR PARK, OSOGBO",25,14,4,2,7.7704564,4.5515633,1,1,0,3,3
Osun,OLORUNDA,BALOGUN,29-27-02-002,"2, BISHOP STREET",165,80,18,2,7.7774903,4.5562314,0,0,0,3,3
Osun,OLA-OLUWA,OBAMORO/ILE OGO,29-26-07-002,"D.C. PRY. SCHOOL, ILE-OGO II",0,0,0,0,7.7770005,4.2023095,0,3,0,1,3
Osun,OLA-OLUWA,ISERO/IKONIFIN,29-26-06-006,ABASADE,117,109,12,3,7.7977995,4.1206748,0,1,0,3,3
Osun,OLA-OLUWA,OGBAAGBA  II,29-26-04-002,"COMM. GRAMMAR SCHOOL, OGBAAGBA II",173,160,1,2,7.715161,4.256687,0,0,2,3,3
Osun,ILESA WEST,ILAJE,29-19-07-010,IMADIN AREA NEAR AKINNIYI'S  HOUSE,122,119,16,2,7.6446658,4.7337698,0,0,0,3,3
Osun,ILESA WEST,EREJA,29-19-09-007,TOWN PLANNING AREA,46,47,20,1,7.6255599,4.7400419,0,1,1,3,3
Osun,IREPODUN,OLOBU 'B',29-20-02-001,"OPEN SPACE HEALTH CENTRE, OJUTU",166,189,11,0,7.831385,4.50227,3,1,1,1,3
Osun,IREPODUN,BARA 'B',29-20-06-003,AJIBIKE COMPOUND,174,190,5,10,7.9021368,4.5315029,0,1,1,3,3
Osun,IREPODUN,BARA 'B',29-20-06-008,BABA ODUNAYO,0,0,0,0,7.9021368,4.5315029,1,3,1,1,3
Osun,IREWOLE,IKIRE 'H',29-21-08-007,"ISLAMIHAL PRY. SCHOOL, OGUNYEMI AREA",197,174,13,1,7.4778676,4.1872178,2,1,1,3,3
Osun,IREWOLE,IKIRE 'K',29-21-11-001,"IREWOLE MATERNITY, EBUNLA VILLAGE",0,0,0,0,7.3490473,4.177655,3,3,1,1,3
Osun,IREWOLE,IKIRE 'K',29-21-11-015,"BAMIDELE VILLAGE OPEN SPACE, BAMIDELE VILLAGE",92,71,0,1,7.3852243,4.2846246,0,1,1,3,3
Osun,ISOKAN,ALAPOMU  I (ODO-OSUN),29-22-06-002,ST. BARNABAS PRY. SCHOOL,201,148,6,1,7.3241893,4.1846569,1,0,1,3,3
Osun,IWO,ISALE OBA  III,29-23-03-005,STATE HOSPITAL FIRST GATE,93,176,52,0,7.6401303,4.1769749,1,2,3,1,3
Osun,IWO,OKE-ADAN  III,29-23-10-009,TOWN PLANNING AREA,132,58,10,1,7.6616821,4.1872178,0,0,0,3,3
Osun,OBOKUN,EESUN/IDOOKO,29-24-05-005,IDO-OKO GRAMMAR SCHOOL,102,118,5,2,7.7158145,4.7428915,0,1,0,3,3
Osun,OBOKUN,ESA - ODO,29-24-09-002,ESA-ODO MARKET SQUARE,0,0,0,0,7.7427987,4.819745,1,3,1,1,3
Osun,ODO-OTIN,BAALE,29-25-02-008,"OPPOSITE GUSTUS PRINTERS, OKUKU I",33,18,6,1,8.0078948,4.672163,1,0,0,3,3
Osun,ODO-OTIN,OLUKOTUN,29-25-11-006,"OLOWURU COMPOUND, INISA",111,106,0,4,7.9802892,4.6495554,0,0,0,3,3
Osun,EDE NORTH,OLABA/ATAPARA,29-07-01-006,BATETU COMP.,94,103,3,2,7.7411095,4.4355737,0,0,0,3,3
Osun,OSOGBO,BABA KEKERE,29-30-14-020,"OPEN SPACE, BOOSERE STREET JUNCTION, AROGUNMASA AREA, OSOGBO",25,44,5,1,7.7660253,4.5779191,0,1,0,3,3
Osun,ATAKUMOSA EAST,AJEBANDELE,29-01-10-007,L.A. PRY SCHOOL ATORIN,2,122,30,0,7.4771604,4.7898731,0,0,3,1,3
Osun,ATAKUMOSA EAST,FAFORIJI,29-01-09-005,"SURAJU PRY. SCHOOL, ERINSEBIJA",4,103,0,1,7.3162559,4.7174062,2,0,1,3,3
Osun,AYEDAADE,OBALUFON,29-03-09-006,"FOWOSERE, FOWOSERE VILLAGE",46,32,25,1,7.138339,4.2128337,0,0,1,3,3
Osun,ATAKUMOSA EAST,FOREST RESERVE  1,29-01-07-006,SOKOTO S.B OJO,155,102,3,0,7.4771604,4.7898731,3,0,0,1,3
Osun,AYEDIRE,ILEOGBO  I,29-04-05-002,"LUTHER KING'S COLLEGE, ILEOGBO",231,147,26,0,7.6274092,4.2389295,2,1,3,2,3
Osun,IWO,OKE-OBA  II,29-23-15-012,"D.C. SCHOOL, ANARUN VILLAGE `",73,119,7,0,7.6202821,4.0767324,0,0,2,1,2
Osun,IWO,OKE-OBA  II,29-23-15-021,JOLUEGAN VILLAGE,40,28,0,0,7.6401303,4.1769749,1,2,2,2,2
Osun,OBOKUN,IPETU-ILE/ADAOWODE,29-24-02-004,OLOMU L.A. PRY. SCHOOL,50,96,1,0,7.7987316,4.6700633,2,1,1,1,2
Osun,OBOKUN,ILAHUN/IKINYINWA,29-24-03-004,IKINYINWA TOWN HALL,63,13,10,0,7.7475657,4.7795149,0,0,2,1,2
Osun,OBOKUN,ILASE/IDOMINASI,29-24-04-001,ILASE N.U.D. PRY. SCHOOL,35,235,3,1,7.7445696,4.6984965,0,2,0,2,2
Osun,OBOKUN,ILASE/IDOMINASI,29-24-04-003,COKER MARKET SQUARE,94,90,3,0,7.7379881,4.6657027,1,2,0,1,2
Osun,OBOKUN,ILASE/IDOMINASI,29-24-04-002,ILASE TOWN HALL,28,266,3,0,7.7445696,4.6984965,1,2,0,0,2
Osun,OBOKUN,ILASE/IDOMINASI,29-24-04-007,OORA L.A. PRY. SCHOOL,46,38,5,0,7.7379881,4.6657027,1,2,0,1,2
Osun,OBOKUN,ILASE/IDOMINASI,29-24-04-008,ALAFON OPEN SPACE,58,77,1,0,7.7168,4.6489,0,2,0,1,2
Osun,OBOKUN,ILASE/IDOMINASI,29-24-04-013,ILASE DISPENSARY,36,277,3,0,7.7445696,4.6984965,0,2,0,0,2
Osun,OBOKUN,EESUN/IDOOKO,29-24-05-002,IBALA MATERNITY CENTRE,151,143,1,0,7.7033064,4.7293731,0,1,0,2,2
Osun,IWO,OKE-OBA  II,29-23-15-010,"D.C. PRY. SCHOOL, IDI-IROKO VILLAGE II",26,35,0,0,7.6401303,4.1769749,1,2,2,2,2
Osun,IWO,OKE-OBA  II,29-23-15-006,"D.C. PRY. SCHOOL, AGORO VILLAGE",148,57,2,0,7.6040957,4.1870394,0,2,0,1,2
Osun,OBOKUN,ESA-OKE,29-24-07-007,ESA-OKE L.A. SCHOOL  I,87,301,2,0,7.7590044,4.8965121,1,2,1,1,2
Osun,IWO,OKE-OBA  II,29-23-15-005,"D.C. PRY. SCHOOL, OGUNAJO VILLAGE",36,24,0,0,7.8941347,4.3082023,1,1,1,2,2
Osun,IWO,GIDIGBO  III,29-23-13-008,"D.C. PRY. SCHOOL, LAITO",192,152,3,0,7.6401303,4.1769749,0,2,1,1,2
Osun,IWO,GIDIGBO  III,29-23-13-001,"D.C. PRY. SCHOOL, OKE-IFA I",133,153,8,1,7.6372493,4.1727176,0,2,2,2,2
Osun,IWO,OKE-ADAN  III,29-23-10-010,OLOKOOBI,0,0,0,0,7.6616821,4.1872178,2,0,0,0,2
Osun,ATAKUMOSA WEST,MUROKO,29-02-09-006,ESIRA VILLAGE,81,20,0,0,7.6675547,4.6708709,0,0,0,2,2
Osun,IWO,MOLETE  III,29-23-07-002,OPEN SPACE AMIN ISLAMIC SCH. JUNCTION ,118,98,25,1,7.6427128,4.1897788,0,0,0,2,2
Osun,IWO,MOLETE  II,29-23-06-008,MOTOKESE,0,0,0,0,7.6478767,4.215396,2,0,0,1,2
Osun,IWO,MOLETE  II,29-23-06-005,"WATER WORKS ROAD, OLU YORI",179,120,7,0,7.6478767,4.215396,0,0,2,1,2
Osun,IWO,MOLETE  II,29-23-06-002,AROWOREKI,164,155,3,0,7.640139,4.1769858,0,2,1,1,2
Osun,IWO,MOLETE  I,29-23-05-008,OLOYE,142,129,0,1,7.6339744,4.1840167,0,0,0,2,2
Osun,AYEDAADE,BALOGUN,29-03-01-004,"ST. PATRICK'S GRAMMAR SCHOOL, II ADENUGA AREA, GBONGAN",168,200,5,0,7.4762865,4.3513749,2,1,1,2,2
Osun,IWO,ISALE OBA  II,29-23-02-009,IDI-OKE II,90,108,1,0,7.6446617,4.2028901,2,1,0,1,2
Osun,IWO,ISALE OBA  I,29-23-01-001,"A.U.D. PRY. SCHOOL, AKINFENWA I",269,178,3,0,7.6252123,4.1808158,2,1,2,2,2
Osun,ATAKUMOSA WEST,MUROKO,29-02-09-005,IPOYE VILLAGE,34,57,0,0,7.6675547,4.6708709,0,0,0,2,2
Osun,BORIPE,COLLEGE/EGBADA ROAD,29-06-03-007,ELEESUN VILLAGE I,0,0,0,0,7.8332505,4.6261507,2,0,0,0,2
Osun,OBOKUN,ESA-OKE,29-24-07-009,OJA-OKO OPEN SPACE,114,286,2,0,7.7590044,4.8965121,1,2,1,2,2
Osun,ODO-OTIN,OKUA/EKUSA,29-25-08-002,"TOWH HALL, OKUA",50,20,150,0,8.0087703,4.6224992,0,2,1,1,2
Osun,ODO-OTIN,JAGUN OSI BALE ODE,29-25-13-007,"ARIOYE HALL, INISA",96,150,1,0,7.974139,4.6527845,0,0,2,0,2
Osun,ODO-OTIN,JAGUN OSI BALE ODE,29-25-13-005,"2 AGANA AREA, INISA",123,98,0,0,7.974139,4.6527845,0,0,2,0,2
Osun,ODO-OTIN,JAGUN OSI BALE ODE,29-25-13-004,"ISALE AKO AREA, INISA",108,87,1,0,7.974139,4.6527845,0,0,2,0,2
Osun,ODO-OTIN,JAGUN OSI BALE ODE,29-25-13-003,"A.U.D. PRY. SCHOOL, INISA",125,81,1,0,7.9784399,4.6566314,0,0,2,0,2
Osun,ODO-OTIN,JAGUN OSI BALE ODE,29-25-13-001,"ST. AUGUSTINE PRY. SCHOOL, INISA",138,121,5,0,7.974139,4.6527845,0,0,2,0,2
Osun,ATAKUMOSA WEST,IFELODUN,29-02-05-005,"METHODIST PRY. SCHOOL, IGUN",1,1,1,0,7.5579416,4.6908213,2,1,1,1,2
Osun,ODO-OTIN,OLUNISA,29-25-10-009,"24 IKUPELETE AREA, INISA",126,93,1,0,7.974139,4.6527845,0,1,2,0,2
Osun,ODO-OTIN,OLUNISA,29-25-10-008,"RAILWAY STATION ROAD AREA, INISA",130,106,7,1,7.974139,4.6527845,0,0,1,2,2
Osun,ODO-OTIN,OLUNISA,29-25-10-007,"OYEDELE COMPOUND, INISA",126,123,3,0,7.974139,4.6527845,0,0,2,0,2
Osun,ODO-OTIN,OLUNISA,29-25-10-006,"OBA OKUNOYE COMPOUND, INISA",135,133,0,0,7.974139,4.6527845,0,0,2,0,2
Osun,ODO-OTIN,OLUNISA,29-25-10-005,"AKOLEGBARO'S COMPOUND, INISA",136,62,1,0,7.974139,4.6527845,0,0,2,0,2
Osun,ODO-OTIN,OLUNISA,29-25-10-003,"POST OFFICE, INISA",150,166,2,0,7.974139,4.6527845,0,0,2,0,2
Osun,ODO-OTIN,OKUA/EKUSA,29-25-08-006,"ST. CECILIA'S  PRY. SCHOOL, OKUA",113,156,2,0,8.0194359,4.6127574,0,1,2,1,2
Osun,ODO-OTIN,IJABE/ILA ODO,29-25-07-006,IN FRONT OF POSTAL AGENCY ILA-ODO,0,0,0,0,8.0558626,4.698658,1,2,0,1,2
Osun,AYEDAADE,BALOGUN,29-03-01-005,"MOLUBERIN JUNCTION, NEW ROAD AREA, GBONGAN",177,97,0,0,7.4752551,4.3523052,1,2,0,1,2
Osun,ODO-OTIN,IJABE/ILA ODO,29-25-07-004,"N.U.D.PRY. SCHOOL, KONTA",148,98,10,0,8.0087414,4.7174062,0,0,2,1,2
Osun,ODO-OTIN,IJABE/ILA ODO,29-25-07-003,"TOWN HALL, IJABE",146,120,11,0,8.0554281,4.6993523,2,0,0,1,2
Osun,ODO-OTIN,ORE/AGBEYE,29-25-06-006,"OPEN SPACE IN FRONT OF OYADOSU'S HOUSE, AGBEYE",0,0,0,0,7.9985449,4.5966258,0,2,0,1,2
Osun,ODO-OTIN,ORE/AGBEYE,29-25-06-004,"POSTAL AGENCY, AGBEYE",132,191,0,1,8.0001506,4.551184,0,0,1,2,2
Osun,ODO-OTIN,ORE/AGBEYE,29-25-06-002,"TOWN HALL, ORE",0,0,0,0,7.963228,4.566664,1,1,2,1,2
Osun,ODO-OTIN,ORE/AGBEYE,29-25-06-001,"ST. GABRIEL'S PRY. SCHOOL, ORE",237,188,1,0,7.9621683,4.5682458,1,1,2,1,2
Osun,ODO-OTIN,EKOSIN/IYEKU,29-25-05-008,"ELESIN FUNFUN COMMUNITY PRY. SCHOOL, IYEKU",79,74,0,0,8.0529904,4.5914647,0,2,0,1,2
Osun,ODO-OTIN,EKOSIN/IYEKU,29-25-05-004,"EKOSIN GRAMMAR SCHOOL, EKOSIN",106,228,3,0,8.0235803,4.6093816,0,1,2,1,2
Osun,ODO-OTIN,EKOSIN/IYEKU,29-25-05-001,"BAPTIST PRY. SCHOOL, EKOSIN",97,180,3,0,8.0213414,4.6145153,0,1,2,1,2
Osun,ODO-OTIN,FAJI/OPETE,29-25-04-005,"SEMI OLA AREA, OPETE",94,76,0,0,8.0603314,4.6343813,0,2,0,1,2
Osun,ODO-OTIN,IGBAYE,29-25-03-004,"BAPTIST PRY. SCHOOL, IGBAYE I",71,116,5,0,8.0213414,4.6145153,0,1,2,1,2
Osun,ATAKUMOSA WEST,ITAGUNMODI,29-02-06-003,ALABA/OWENA VILLAGE (OPEN SPACE) ,61,136,4,1,7.5289301,4.6492325,1,2,0,0,2
Osun,ATAKUMOSA WEST,ISA OBI,29-02-08-003,RISAWE VILLAGE,110,108,6,0,7.6242809,4.6708709,2,0,0,1,2
Osun,OBOKUN,ESA-OKE,29-24-07-012,OKE-TAFIA PRIMARY SCHOOL,106,223,0,0,7.763574,4.896008,0,2,0,1,2
Osun,ISOKAN,IDOGUN WARD,29-22-05-001,AWORIN SADIKU ADC PRY SCH,148,162,3,1,7.2837275,4.1187565,0,0,0,2,2
Osun,ISOKAN,ALAPOMU  I (ODO-OSUN),29-22-06-001,"BAPTIST PRY. SCHOOL, OKE OLOSI",132,256,0,0,7.403862,4.232291,2,1,1,2,2
Osun,IREPODUN,BARA 'B',29-20-06-007,BABA ODUNAYO,113,86,3,0,7.9021368,4.5315029,0,2,1,1,2
Osun,IREPODUN,BARA 'B',29-20-06-004,LANLOKO,107,214,0,0,7.9021368,4.5315029,0,2,1,1,2
Osun,AYEDAADE,GBONGAN RURAL,29-03-07-002,OGBAAGBA OGBAAGBA VILLAGE,0,0,0,0,7.7016673,4.251281,1,1,2,0,2
Osun,IREPODUN,BARA 'A',29-20-05-009,JAGUN  II,0,0,0,0,7.6186747,4.4479576,2,1,1,1,2
Osun,AYEDAADE,GBONGAN RURAL,29-03-07-003,WAKAJAIYE I,83,109,3,0,7.4386611,4.3359635,1,2,1,1,2
Osun,AYEDAADE,GBONGAN RURAL,29-03-07-005,"OLOBA VILLAGE, OLOBA VILLAGE",76,4,2,0,7.4386611,4.3359635,1,2,1,1,2
Osun,ILESA WEST,ISIDA/ADETI,29-19-08-005,SPACE AROUND ESIRA'S CHIEFTANCY HOUSE,113,161,19,1,7.6279079,4.7416591,2,0,0,0,2
Osun,ILESA WEST,ISIDA/ADETI,29-19-08-001,"AFRICAN PRY. SCHOL, ARAGAN",125,112,24,1,7.6279079,4.7416591,2,0,0,0,2
Osun,AYEDAADE,GBONGAN RURAL,29-03-07-011,"AKIRIBOTO ALABE, AKIRIBOTO VILLAGE",30,16,0,0,7.4650864,4.323766,1,1,1,2,2
Osun,ILESA WEST,ILAJE,29-19-07-008,ST. PETER'S FRONTAGE,111,81,43,1,7.6454668,4.7122337,0,0,2,2,2
Osun,ILESA WEST,ILAJE,29-19-07-005,OPEN SPACE ALAJE'S HOUSE,171,134,21,0,7.6454668,4.7122337,0,0,2,0,2
Osun,ILESA WEST,ILAJE,29-19-07-004,OGEDENGBE COMM. HIGH SCHOOL,99,148,30,0,7.6454668,4.7122337,0,0,2,0,2
Osun,ILESA WEST,ILAJE,29-19-07-001,"FRONTAGE OF NUD. PRY. SCHOOL, MOROKO ROAD",108,119,15,1,7.6346458,4.7296409,0,0,0,2,2
Osun,ILESA WEST,IKOYI / IKOTI ARAROMI,29-19-06-002,OPEN SPACE AROUND ALAKATA'S HOUSE,144,130,6,0,7.6400019,4.7174062,0,0,2,0,2
Osun,ILESA WEST,ISOKUN,29-19-05-011,FAITH FOUNDATION N & P SCHOOL I,85,66,10,1,7.651763,4.7426176,1,1,0,2,2
Osun,ILESA WEST,ISOKUN,29-19-05-006,GEORGE BURTON COLLEGE I,129,116,57,0,7.6535175,4.7443699,0,2,1,0,2
Osun,ILESA WEST,OMOFE/IDASA,29-19-04-010,FRONTAGE OF BAMURA'S HOUSE   II,101,149,10,0,7.6309955,4.7374545,2,0,0,0,2
Osun,AYEDAADE,GBONGAN RURAL,29-03-07-012,"OLUWADA, OLUWADA VILLAGE",44,38,1,0,7.4675269,4.3844601,2,0,0,1,2
Osun,ILESA WEST,OMOFE/IDASA,29-19-04-002,HOLY TRINITY 'A' SCHOOL OMOFE I,94,88,7,1,7.6327119,4.7393183,0,0,0,2,2
Osun,ILESA WEST,UPPER/LOWER IGBOGI,29-19-03-008,IGBOGI HALL AREA I,21,21,3,0,7.6323931,4.7407068,1,1,1,2,2
Osun,ILESA WEST,UPPER/LOWER IGBOGI,29-19-03-004,OKE OLA OPEN SPACE,128,135,7,0,7.6279423,4.7484452,2,0,0,1,2
Osun,ILESA WEST,UPPER/LOWER IGBOGI,29-19-03-003,SPACE NEAR AMURU HOUSE,0,0,0,0,7.6400019,4.7174062,0,0,2,0,2
Osun,ILESA EAST,BILADU,29-18-11-005,AKIN OBI WAY OKE-OPO,106,114,13,0,7.6141554,4.7283591,2,0,0,1,2
Osun,ILESA EAST,BOLORUNDURO,29-18-10-008,UNITED ANGLICAN PRY. SCHOOL I,83,86,15,1,7.5911749,4.7329268,0,0,0,2,2
Osun,ILESA EAST,BOLORUNDURO,29-18-10-007,ORO AJIMOKO PRY. SCHOOL II,45,54,6,0,7.658203,4.7262728,0,0,2,1,2
Osun,ILESA EAST,ILERIN,29-18-09-008,ILERIN ROAD,0,0,0,0,7.6341986,4.7536277,2,2,0,1,2
Osun,ILESA EAST,ILERIN,29-18-09-007,IJESA MUSLIM GRAMMAR SCHOOL II,0,0,0,0,7.5993701,4.7558924,1,1,1,2,2
Osun,ILESA EAST,IJAMO,29-18-05-005,FRONTAGE OLAIYA WEAVING INDUSTRY,122,109,17,1,7.5962981,4.7588042,0,0,0,2,2
Osun,IREPODUN,BARA 'B',29-20-06-006,BABA ODUNAYO,101,97,0,0,7.9021368,4.5315029,0,2,1,1,2
Osun,AYEDAADE,OTUN-OLUFI,29-03-04-011,"ABEKOKO, ABEKOKO AREA, GBONGAN",213,130,3,0,7.4762865,4.3513749,2,1,0,1,2
Osun,OLA-OLUWA,TELEMU,29-26-01-004,"D.C. PRY. SCHOOL, TELEMU II",138,97,4,0,7.695484,4.330498,0,2,0,1,2
Osun,IREPODUN,BARA 'B',29-20-06-010,BABA ODUNAYO,215,93,0,0,7.9021368,4.5315029,0,2,1,1,2
Osun,ISOKAN,ORANRAN WARD,29-22-04-001,"R.C.M PRY. SCHOOL, MOPA",61,100,1,1,7.3485094,4.1871927,0,0,0,2,2
Osun,IREWOLE,IKIRE 'K',29-21-11-018,"BAPTIST DAY SCHOOL, ONIKAN VILLAGE",60,77,0,0,7.3690788,4.1925001,2,0,0,0,2
Osun,IREWOLE,IKIRE 'K',29-21-11-017,"MOLAUSA VILLAGE, MOLAUSA",116,105,3,0,7.3852243,4.2846246,0,2,1,1,2
Osun,AYEDAADE,OLUFI,29-03-03-002,"OBADOORE CUSTOMARY COURT, GBONGAN",82,83,3,0,7.477272,4.356046,2,0,0,1,2
Osun,IREWOLE,IKIRE 'K',29-21-11-013,"ODEYINKA BAPTIST DAY SCHOOL, ODEYINKA VILLAGE I",161,150,1,0,7.3232901,4.3637088,0,2,1,1,2
Osun,IREWOLE,IKIRE 'K',29-21-11-012,"AYETORO VILLAGE, OPEN SPACE, AYETORO VILLAGE",124,134,1,0,7.3852243,4.2846246,0,2,1,1,2
Osun,IREWOLE,IKIRE 'K',29-21-11-009,"A.D.C PRY. SCHOOL, JAGUN VILLAGE",45,12,0,0,7.3681992,4.1784152,1,1,1,2,2
Osun,IREWOLE,IKIRE 'K',29-21-11-005,"A.D.C SCHOOL, OLUSEKE VILLAGE III",61,23,0,0,7.3852243,4.2846246,1,2,1,1,2
Osun,IREWOLE,IKIRE 'K',29-21-11-002,"MOLARERE VILLAGE, OPEN SPACE, MOLARERE VILLAGE",192,149,0,0,7.380836,4.2677899,0,2,1,1,2
Osun,AYEDAADE,OLUFI,29-03-03-007,"OKE IRORUN JUNCTION, AJEGUNLE AREA",177,109,9,0,7.1435618,4.3382107,0,0,2,1,2
Osun,IREWOLE,IKIRE 'J',29-21-10-009,"C.H.S SCHOOL WASINMI, WASINMI VILLAGE",234,140,9,0,7.4359887,4.2634618,2,1,1,1,2
Osun,IREWOLE,IKIRE 'J',29-21-10-008,"BALOGUN VILLAGE, BALOGUN VILLAGE  II",79,31,0,0,7.4030851,4.2325536,2,0,0,1,2
Osun,IREWOLE,IKIRE 'J',29-21-10-006,"ELERE VILLAGE, ELERE VILLAGE",92,71,0,1,7.3587104,4.2384621,0,1,1,2,2
Osun,IREWOLE,IKIRE 'J',29-21-10-004,"WASINMI MARKET, WASINMI VILLAGE",147,95,0,0,7.4359887,4.2634618,1,2,0,0,2
Osun,IREWOLE,IKIRE 'J',29-21-10-001,"OLOOWA VILLAGE, OLOOWA VILLAGE",183,93,0,0,7.3587104,4.2384621,2,1,1,0,2
Osun,AYEDAADE,OTUN-OLUFI,29-03-04-008,"E.D.C. SCHOOL, ARAROMI, ADENUGA AREA, GBONGAN",206,132,5,1,7.4764933,4.3489667,1,1,0,2,2
Osun,IREWOLE,IKIRE 'G',29-21-07-003,"A.D.C PRY. SCHOOL, OKE-ADA AREA",64,60,0,0,7.3676123,4.1762715,2,0,0,1,2
Osun,IREWOLE,IKIRE 'F',29-21-06-011,"OKIN OPEN SPACE, POPO, IKIRE",95,80,2,0,7.4366325,4.2666678,2,2,0,0,2
Osun,IREWOLE,IKIRE 'F',29-21-06-009,"ODEYINKA OLD GARAGE, LAKOOSIN, IKIRE",205,211,0,0,7.4366325,4.2666678,2,1,1,1,2
Osun,IREWOLE,IKIRE 'F',29-21-06-004,"CARPENTER'S HALL, MORO, IKIRE II",170,116,9,1,7.4366325,4.2666678,1,1,0,2,2
Osun,IREWOLE,IKIRE 'F',29-21-06-002,"SABO SQUARE, SABO, IKIRE",95,101,1,0,7.3441534,4.1752541,2,0,1,1,2
Osun,IREWOLE,IKIRE 'D',29-21-04-010,"FAGBURE OPEN SPACE, ITAAKUN, IKIRE",97,116,0,0,7.4337132,4.2897563,2,0,0,1,2
Osun,IREWOLE,IKIRE 'D',29-21-04-008,"ILUPEJU/ORIOLORI, ILUPEJU, IKIRE",190,84,4,0,7.4337132,4.2897563,2,0,0,1,2
Osun,IREWOLE,IKIRE 'C',29-21-03-008,"ASIYIN POPO OPEN SPACE, POPO, IKIRE",165,107,5,0,7.4554943,4.2692327,0,2,1,1,2
Osun,IREPODUN,ELERIN 'E',29-20-11-005,JAGBA II,0,0,0,0,7.8333928,4.4889896,2,1,0,1,2
Osun,IREPODUN,ELERIN 'D',29-20-10-010,IYA-OBA COMPOUND,46,34,1,0,7.78711,4.51692,0,0,2,2,2
Osun,IREPODUN,ELERIN 'B',29-20-08-004,UNITED XTIAN PRY. SCHOOL,56,118,10,1,7.8185985,4.477401,1,0,2,2,2
Osun,OLA-OLUWA,TELEMU,29-26-01-003,"D.C. PRY. SCHOOL, TELEMU I",146,97,0,0,7.695484,4.330498,0,2,0,1,2
Osun,OLA-OLUWA,OGBAAGBA  I,29-26-03-004,"COM. PRY SCHOOL, IGEGE",193,94,2,0,7.7132772,4.2326146,0,0,2,1,2
Osun,OLA-OLUWA,OGBAAGBA  I,29-26-03-001,"ST. JAMES PRY. SCHOOL, OGBAAGBA I",61,188,3,0,7.7016673,4.251281,0,2,2,0,2
Osun,ATAKUMOSA EAST,ETI-ONI,29-01-05-004,COURT HALL ITAPA,6,238,0,0,7.4174486,4.763334,2,1,2,1,2
Osun,BORIPE,COLLEGE/EGBADA ROAD,29-06-03-016,OPEN SPACE BY OWODE MARKET SQUARE,102,68,0,0,7.897924,4.6682867,0,2,0,1,2
Osun,BORIPE,COLLEGE/EGBADA ROAD,29-06-03-012,AJANI OKIN PRIMARY SCHOOL,253,44,1,0,7.8358911,4.6347041,2,1,1,1,2
Osun,AYEDIRE,OLUPONNA  1,29-04-01-006,OLODE OPEN SPACE,142,149,1,0,7.5803799,4.2025859,1,1,1,2,2
Osun,ATAKUMOSA EAST,ETI-ONI,29-01-05-006,OPEN SPACE TEMIDIRE I,7,157,0,0,7.3892357,4.7555688,1,0,2,1,2
Osun,ATAKUMOSA EAST,ETI-ONI,29-01-05-007,"OPEN SPACE, TEMIDIRE II",4,162,0,0,7.3892357,4.7555688,1,0,2,1,2
Osun,ATAKUMOSA EAST,IPERINDO,29-01-04-009,"SAINT MARK'S 'B' ANG PRY SCHOOL, IPERINDO",22,41,1,0,7.4444609,4.8209596,1,1,0,2,2
Osun,ATAKUMOSA EAST,AYEGUNLE,29-01-06-007,TOWN HALL IPAULA,17,48,0,0,7.4664825,4.7795149,1,1,1,2,2
Osun,OSOGBO,OTUN BALOGUN 'A',29-30-14-005,L.A. PRY. SCHOOL  I,134,100,5,1,7.7654948,4.571777,0,2,0,0,2
Osun,ATAKUMOSA EAST,FOREST RESERVE  1,29-01-07-007,OWADA,34,34,1,0,7.4771604,4.7898731,2,1,0,1,2
Osun,OSOGBO,BABA KEKERE,29-30-11-009,ST. ANDREW PRY. SCHOOL,160,93,19,1,7.734557,4.5399209,0,0,0,2,2
Osun,OSOGBO,BABA KEKERE,29-30-11-008,"18, FAGBEMI STREET",181,118,2,2,7.7660253,4.5779191,0,2,0,1,2
Osun,OSOGBO,BABA KEKERE,29-30-11-006,"24,OKOKI IFEDODUN",129,159,0,0,7.7660253,4.5779191,0,2,0,0,2
Osun,OSOGBO,BABA KEKERE,29-30-11-005,"24,OKOKI IFEDODUN",122,107,1,0,7.7660253,4.5779191,0,2,0,0,2
Osun,OSOGBO,JAGUN 'A',29-30-09-011,OPP. 24 OLUGUNNA STREET,152,51,2,0,7.7648921,4.5628772,0,1,1,2,2
Osun,OSOGBO,JAGUN 'A',29-30-09-009,"60, IBOKUN ROAD  I",0,0,0,0,7.7663672,4.561921,1,2,0,0,2
Osun,OSOGBO,JAGUN 'A',29-30-09-007,"22, OLUGUNNA STREET",93,102,0,0,7.7648921,4.5628772,0,2,1,2,2
Osun,OSOGBO,JAGUN 'A',29-30-09-006,"22, OLUGUNNA STREET",97,47,0,0,7.7648921,4.5628772,0,1,1,2,2
Osun,OSOGBO,JAGUN 'A',29-30-09-004,"24, OLUGUNNA STREET`",144,0,0,49,7.7648921,4.5628772,0,0,1,2,2
Osun,OSOGBO,JAGUN 'A',29-30-09-003,"37, IBOKUN ROAD",118,85,3,0,7.7661646,4.5613019,2,1,0,1,2
Osun,OSOGBO,ARE-AGO,29-30-08-012,COSTAIN MATERNITY L.G,230,118,14,0,7.7443522,4.5779191,1,0,2,0,2
Osun,OSOGBO,ARE-AGO,29-30-08-011,"3,OKE AYEPE",169,103,12,0,7.7579253,4.5634969,0,2,0,1,2
Osun,ATAKUMOSA EAST,FAFORIJI,29-01-09-006,COMM. PRY. SCHOOL OMI-ODO,7,80,0,0,7.3162559,4.7174062,2,0,1,0,2
Osun,OSOGBO,ARE-AGO,29-30-08-008,OWODE VILLAGE  I,157,109,35,0,7.7368129,4.5935307,1,0,2,0,2
Osun,OSOGBO,ARE-AGO,29-30-08-002,"10, ISALE AGBARA",150,107,4,0,7.7709035,4.5529779,0,2,0,1,2
Osun,OSOGBO,ALAGBA,29-30-07-018,"16, IBOKUN ROAD",109,72,2,0,7.7668637,4.5625662,2,1,0,0,2
Osun,OSOGBO,ALAGBA,29-30-07-004,"20, IBOKUN ROAD",99,93,5,1,7.7668637,4.5625662,2,1,0,2,2
Osun,OSOGBO,ATAOJA  'E',29-30-05-020,"RAILWAY STATION, OKE-FIA",113,55,32,1,7.7829176,4.5467778,0,0,1,2,2
Osun,BORIPE,ISALE-OYO,29-06-04-009,"OPEN SPACE, AJEGUNLE JUNCTION",47,23,3,0,7.8543365,4.6837934,2,0,1,1,2
Osun,EDE NORTH,ASUNMO,29-07-10-008,OPEN SPACE ALUBO OKE-OGOSUN.,46,84,0,0,7.729243,4.4696765,0,2,2,0,2
Osun,ATAKUMOSA EAST,FAFORIJI,29-01-09-008,EHIN-OKE,5,72,0,0,7.3162559,4.7174062,2,0,1,0,2
Osun,EDE NORTH,SABO/AGBONGBE II,29-07-07-012,COMMUNITY PRY. SCHOOL,5,78,1,0,7.7146527,4.4891506,2,1,0,1,2
Osun,ATAKUMOSA EAST,IPERINDO,29-01-04-008,OPEN SPACE AYENI/TEMIDIRE,22,72,1,0,7.4956801,4.8235509,1,2,1,1,2
Osun,OSOGBO,ATAOJA  'E',29-30-05-026,"OPEN SPACE,ADJACENT  EMMANUEL PLAZA, OSOGBO",3,5,4,0,7.7769286,4.5284489,1,1,2,0,2
Osun,OSOGBO,ATAOJA  'C',29-30-03-017,"OPEN SPACE, INFRONT OF MTN MAST OPP. NO. 2 JALEYEMI AREA, OSOGBO",45,70,7,0,7.7682931,4.5461595,1,2,1,1,2
Osun,ATAKUMOSA EAST,ETI-ONI,29-01-05-001,ETI ONI OPEN SPACE,5,106,1,0,7.3892357,4.7555688,2,0,2,1,2
Osun,OLA-OLUWA,ASA AJAGUNLASE,29-26-10-009,"D.C. PRY SCHOOL, AJAGUNLASE",200,115,0,21,7.818697,4.2025859,2,0,1,2,2
Osun,IWO,MOLETE  II,29-23-06-012,SANGAN/ERIN-OWON,170,119,1,0,7.6478767,4.215396,1,1,1,2,2
Osun,ATAKUMOSA EAST,ETI-ONI,29-01-05-002,"L.A. PRY. SCHOOL, ALADODO",1,125,3,0,7.392688,4.767194,2,0,2,1,2
Osun,ILESA WEST,LOWER EGBE-IDI,29-19-02-010,"METHODIST HIGH SCHOOL, IJEBU JESHA ROAD, ILESA",15,25,10,0,7.6370991,4.7539677,2,1,1,2,2
Osun,ATAKUMOSA EAST,ETI-ONI,29-01-05-003,"ANG. PRY. SCHOOL, ALARERE",7,165,0,0,7.395267,4.688764,2,2,2,0,2
Osun,ILESA WEST,ISOKUN,29-19-05-015,"COMMUNITY PRIMARY SCHOOL, OKE OMIRU, ILESA",0,0,0,0,7.6546548,4.7409665,1,1,2,0,2
Osun,ILESA WEST,ISOKUN,29-19-05-013,"OBA AJIMOKO HIGH SCHOOL, OSOGBO ROAD, ILESA",141,170,33,0,7.6546249,4.7250043,0,0,2,0,2
Osun,ILESA EAST,ISARE,29-18-08-010,OPEN SPACE OPP. MAXIMAL EDU. INSTITUTES,5,34,0,0,7.6194277,4.7445701,1,1,1,2,2
Osun,IFE CENTRAL,MOORE OJAJA,29-11-11-020,"OPEN SPACE OPP. C.A.C. OKE-ISEGUN, MOORE",86,43,2,0,7.5554803,4.5315029,1,2,1,2,2
Osun,IFE CENTRAL,IREMO/AJEBANDELE,29-11-05-029,"OPEN SPACE , ALL SOULS CHAPEL ( UNDER NEEM TREE)",1,9,4,0,7.5554803,4.5315029,1,2,1,2,2
Osun,IFE CENTRAL,IREMO/AJEBANDELE,29-11-05-028,OPEN SPACE MOTION GROUND OAU,34,4,60,1,7.5185596,4.5228445,2,2,2,1,2
Osun,IFE CENTRAL,IREMO/AJEBANDELE,29-11-05-027,OPEN SPACE BASKET BALL COURT BLOCK 3,11,4,26,0,7.5554803,4.5315029,1,2,1,2,2
Osun,IFE CENTRAL,IREMO/AJEBANDELE,29-11-05-025,HOLY SAVIOUR PRY SCH FASINA,44,12,12,1,7.4793407,4.5441827,1,2,1,1,2
Osun,IFE CENTRAL,IREMO/AJEBANDELE,29-11-05-023,"LOCAL HEALTH AUTHORITY, POWERLINE AJEBAMIDELE",18,11,4,0,7.4836043,4.530369,1,2,1,2,2
Osun,IFE CENTRAL,IREMO/AJEBANDELE,29-11-05-022,"OPEN SPACE OPP. HIGH COURT, BESIDE DIGANGA HOTEL AJEBAMIDELE",43,25,22,0,7.4965814,4.5179283,0,1,2,1,2
Osun,IFE CENTRAL,IREMO/AJEBANDELE,29-11-05-020,OPEN SPACE OAU HEALTH CENTRE,3,1,8,0,7.5203542,4.5165228,1,2,2,1,2
Osun,IFE CENTRAL,IREMO/AJEBANDELE,29-11-05-018,OPEN SPACE MOREMI HALL,19,9,27,0,7.5554803,4.5315029,1,2,1,2,2
Osun,IFE CENTRAL,IREMO/AJEBANDELE,29-11-05-016,COMMUNITY SCH. KAJOLA AKILE,23,9,17,0,7.525776,4.5359479,2,2,2,1,2
Osun,IFE CENTRAL,IREMO/AJEBANDELE,29-11-05-015,"OPEN SPACE, HOTEL DE-TREASURE EDE ROAD",40,29,20,0,7.4911161,4.5294892,0,1,2,0,2
Osun,IFE CENTRAL,IREMO III,29-11-07-021,OPEN SPACE BESIDE ST. PETER'S PRY SCH OJATUNTUN,30,4,1,0,7.4870951,4.5514827,1,2,1,1,2
Osun,IFE CENTRAL,IREMO III,29-11-07-020,OPEN SPACE ADJACENT CHRIST FISHER'S ONIREKE,16,8,3,0,7.4870951,4.5514827,1,2,1,1,2
Osun,IFE CENTRAL,IREMO II (ELEYELE),29-11-06-020,OPEN SPACE OLORUNSOGO T-JUNCTION ELEYELE,100,30,37,0,7.4986919,4.5392361,1,2,2,1,2
Osun,IFE CENTRAL,ILARE I,29-11-01-017,"OPEN SPACE,IGBOYA JUNCTION ROAD 7",37,19,7,0,7.4984531,4.5532253,1,1,2,2,2
Osun,OSOGBO,ATAOJA  'E',29-30-05-019,OKIN STREET BEHIND CAPITAL HOTEL,91,106,95,0,7.7834779,4.5292243,1,1,2,1,2
Osun,OSOGBO,ATAOJA  'E',29-30-05-013,WOMEN COMMISSION,95,68,27,0,7.7854637,4.5340805,0,0,2,0,2
Osun,ILESA EAST,IMO,29-18-02-008,IBL SECOND GATE,72,48,38,1,7.6230431,4.7846938,0,1,2,2,2
Osun,OLORUNDA,AYETORO,29-27-08-003,OTAEFUN SETTLEMENT,287,170,67,3,7.8192555,4.5869152,1,1,2,1,2
Osun,OLORUNDA,OWODE  II,29-27-07-008,"11A, ADENLE LANE",122,108,2,6,7.7803972,4.5643769,1,0,0,2,2
Osun,OLORUNDA,OWODE  II,29-27-07-005,IN FRONT OF OLD MUSEUM,108,80,11,0,7.7803972,4.5643769,1,0,0,2,2
Osun,OLORUNDA,OWODE  II,29-27-07-004,OYINBO OLOBI,166,132,5,0,7.7803972,4.5643769,1,0,0,2,2
Osun,OLORUNDA,OWODE  II,29-27-07-003,"ST. JAMES SCHOOL, C",117,108,5,0,7.8582665,4.5727598,0,2,0,1,2
Osun,ATAKUMOSA WEST,OSU  III,29-02-03-004,"PRY. SCHOOL, ITAMERIN",31,89,3,0,7.5708836,4.6088854,0,2,0,1,2
Osun,OLORUNDA,AKOGUN,29-27-03-005,"8, ARIKALAMU",237,97,0,0,7.7758104,4.5612316,2,0,0,0,2
Osun,OLORUNDA,AKOGUN,29-27-03-002,ORIAYE OPEN SPACE,139,106,4,1,7.7750185,4.5605083,1,0,0,2,2
Osun,OLORUNDA,BALOGUN,29-27-02-005,ALL SAINTS PRY SCHOOL  I,136,98,13,0,7.999687,4.598033,0,0,2,1,2
Osun,ATAKUMOSA WEST,IBODI,29-02-04-003,IGILA VILLAGE,28,69,2,0,7.5817,4.6631,0,0,2,1,2
Osun,OLORUNDA,AGOWANDE,29-27-01-013,BACK OF OBELAWO PLASTIC INDUSTRY,161,55,25,0,7.7892279,4.5674858,1,0,2,2,2
Osun,OLORUNDA,AGOWANDE,29-27-01-011,"CHURCH STREET,",149,55,14,0,7.7837605,4.5619096,1,0,0,2,2
Osun,OLORUNDA,AGOWANDE,29-27-01-010,AROUND EBENEZER BAPTIST,129,130,6,1,7.7988796,4.5469705,1,0,2,0,2
Osun,OLORUNDA,AGOWANDE,29-27-01-009,OLATUNJI AJAYI STREET,166,101,24,22,7.7889815,4.5605478,1,0,1,2,2
Osun,OLORUNDA,AGOWANDE,29-27-01-008,OKE ONITEA IREPODUN,134,65,55,0,7.7879708,4.5625925,1,0,1,2,2
Osun,OLORUNDA,AGOWANDE,29-27-01-002,G.R.A. OSOGBO,99,81,32,0,7.7910068,4.5466169,1,0,2,0,2
Osun,OLA-OLUWA,ASA AJAGUNLASE,29-26-10-008,"COMM. PRY. SCHOOL, OGUNJA",127,78,0,0,7.818697,4.2025859,1,2,1,2,2
Osun,OLA-OLUWA,ASA AJAGUNLASE,29-26-10-007,IDIYA VILLAGE,150,108,0,0,7.8128978,4.2061083,1,1,1,2,2
Osun,OLA-OLUWA,ASA AJAGUNLASE,29-26-10-006,"TOWN HALL, AJAGUNLASE II",230,144,4,9,7.818697,4.2025859,2,0,2,2,2
Osun,OLA-OLUWA,ASA AJAGUNLASE,29-26-10-005,"TOWH HALL, AJAGUNLASE I",145,151,1,2,7.818697,4.2025859,1,0,1,2,2
Osun,OLA-OLUWA,BODE-OSI,29-26-08-004,"ANGLICAN PRY. SCHOOL, ELEPO",0,0,0,0,7.769237,4.270083,2,1,0,1,2
Osun,ATAKUMOSA WEST,IBODI,29-02-04-004,IYERE VILLAGE,62,140,6,0,7.5628658,4.6536981,0,0,2,1,2
Osun,ATAKUMOSA WEST,IBODI,29-02-04-006,ILOTIN VILLAGE,54,81,3,0,7.5633103,4.6543991,0,0,2,1,2
Osun,OLA-OLUWA,IKIRE ILE/IWARA,29-26-05-005,"AMERE VILLAGE, AMERE",184,160,5,0,7.7145875,4.2112324,0,0,2,1,2
Osun,OLA-OLUWA,IKIRE ILE/IWARA,29-26-05-004,"D.C. PRY. SCHOOL, IDI-IROKO",126,148,1,0,7.7100698,4.2230836,0,0,2,1,2
Osun,OLA-OLUWA,IKIRE ILE/IWARA,29-26-05-001,"TOWN HALL, IKIRE-ILE",149,111,1,0,7.7132772,4.2326146,0,0,2,1,2
Osun,OLA-OLUWA,OGBAAGBA  II,29-26-04-004,"COURT HALL, OGBAAGBA II",67,0,3,0,7.6459195,4.2858723,0,2,0,1,2
Osun,ATAKUMOSA WEST,IFELODUN,29-02-05-001,EPE VILLAGE,2,179,1,0,7.537594,4.6915484,1,2,0,0,2
Osun,OLORUNDA,AYETORO,29-27-08-002,KOBONGBOGBOE,207,161,56,1,7.8324214,4.5964855,1,1,2,1,2
Osun,OLORUNDA,AYETORO,29-27-08-005,AJEWOLE HOUSING ESTATE,196,78,40,0,7.7830729,4.5688046,2,1,1,2,2
Osun,OSOGBO,ATAOJA  'E',29-30-05-012,TINUMOLA PRY. SCHOOL,84,66,43,0,7.7854115,4.5319914,0,0,2,0,2
Osun,OLORUNDA,AYETORO,29-27-08-006,TESTING GROUND,198,129,42,0,7.7854213,4.5734653,2,1,2,2,2
Osun,OSOGBO,ATAOJA  'E',29-30-05-010,"8, ISO-PAKO I",142,89,33,0,7.7757242,4.538745,0,0,2,0,2
Osun,OSOGBO,ATAOJA  'E',29-30-05-006,"5, LUCY ADEOTI STREET",145,108,35,0,7.7854637,4.5340805,0,0,2,0,2
Osun,OSOGBO,ATAOJA  'D',29-30-04-016,"6, FAGBESA STREET",140,131,36,0,7.7664657,4.5366582,0,0,2,0,2
Osun,OSOGBO,ATAOJA  'D',29-30-04-014,FAGBESA STREET,110,68,27,0,7.7664657,4.5366582,0,0,2,0,2
Osun,OSOGBO,ATAOJA  'D',29-30-04-008,"AFRICAN PRY SCHOOL,  II",85,53,39,1,7.7699692,4.541653,0,0,2,1,2
Osun,OSOGBO,ATAOJA  'D',29-30-04-007,"AFRICAN PRY SCHOOL,  I",100,82,22,0,7.7699692,4.541653,0,0,1,2,2
Osun,OSOGBO,ATAOJA  'D',29-30-04-004,OPP.  7 UP GBONGAN ROAD,82,101,24,2,7.7660307,4.5371774,0,0,1,2,2
Osun,OSOGBO,ATAOJA  'D',29-30-04-003,OPP.  7 UP GBONGAN ROAD,85,148,10,0,7.7660307,4.5371774,0,0,1,2,2
Osun,OSOGBO,ATAOJA  'D',29-30-04-002,OPP.  7 UP GBONGAN ROAD,179,127,95,4,7.7660307,4.5371774,0,0,2,1,2
Osun,OSOGBO,ATAOJA  'D',29-30-04-001,OPP.  7 UP GBONGAN ROAD,119,103,63,1,7.7660307,4.5371774,0,0,2,1,2
Osun,ATAKUMOSA WEST,OSU II,29-02-02-001,"APOSTOLIC PRY SCHOOL, IWARO",94,72,0,0,7.3993236,4.7366953,1,0,2,1,2
Osun,OSOGBO,ATAOJA  'B',29-30-02-007,A.U.D. ISALE OSUN  1,163,74,3,1,7.764051,4.5497933,1,0,0,2,2
Osun,ATAKUMOSA WEST,OSU II,29-02-02-008,"R.C.M. PRY. SCHOOL, KAJOLA",68,67,0,0,7.6196985,4.5934,2,0,1,1,2
Osun,OSOGBO,ATAOJA  'A',29-30-01-014,FARM SETTLEMENT,85,37,2,0,7.7119648,4.5676009,2,2,2,0,2
Osun,OSOGBO,ATAOJA  'A',29-30-01-013,FARM SETTLEMENT,42,32,1,1,7.7119648,4.5676009,2,2,0,1,2
Osun,OSOGBO,ATAOJA  'A',29-30-01-012,FARM SETTLEMENT,52,26,1,0,7.7119648,4.5676009,2,2,0,0,2
Osun,OSOGBO,ATAOJA  'A',29-30-01-011,FARM SETTLEMENT,29,6,0,0,7.7119648,4.5676009,2,2,0,0,2
Osun,OSOGBO,ATAOJA  'A',29-30-01-010,FARM SETTLEMENT,22,7,0,1,7.7119648,4.5676009,2,2,0,1,2
Osun,OSOGBO,ATAOJA  'A',29-30-01-009,FARM SETTLEMENT,46,46,4,0,7.7119648,4.5676009,2,2,1,0,2
Osun,OSOGBO,ATAOJA  'A',29-30-01-008,FARM SETTLEMENT,18,34,3,0,7.7119648,4.5676009,2,2,2,0,2
Osun,OSOGBO,ATAOJA  'A',29-30-01-006,"10, WINJOBI",87,27,2,0,7.7809612,4.5275938,0,1,2,1,2
Osun,OSOGBO,ATAOJA  'A',29-30-01-001,"6, WINJOBI STREET",117,63,6,0,7.780961,4.5275925,2,1,2,1,2
Osun,OROLU,OLUFON OROLU  'I',29-29-09-007,ALAIKO VILLAGE,30,43,1,0,7.9025798,4.4902774,1,1,1,2,2
Osun,OROLU,OLUFON OROLU 'C',29-29-03-007,MOSAFEJO AREA  II,98,130,9,1,7.8513122,4.4619533,0,0,0,2,2
Osun,OROLU,OLUFON OROLU 'C',29-29-03-001,OBADA MARKET AREA   I  (BUS STOP),86,111,8,1,7.8559701,4.4759108,0,0,0,2,2
Osun,ORIADE,IJEBU-JESA,29-28-03-017,"ERUNKUNIPE HALL, IJEBU-JESA",82,88,4,0,7.6795774,4.8080048,0,2,0,1,2
Osun,ORIADE,ERIN-OKE,29-28-01-001,"POST OFFICE, ERIN OKE",92,123,7,1,7.5637863,4.8896709,0,0,0,2,2
Osun,AYEDAADE,GBONGAN RURAL,29-03-07-015,AKINJEPO VILLAGE,0,0,0,0,7.4386611,4.3359635,1,2,1,1,2
Osun,ILESA EAST,IMO,29-18-02-004,L.A. PRY. SCHOOL PREMISES,70,51,24,0,7.6296505,4.7722164,0,0,2,1,2
Osun,ILESA EAST,IMO,29-18-02-007,OLD WATER WORKS,0,0,0,0,7.6230431,4.7846938,1,1,2,0,2
Osun,EGBEDORE,OKINNI/OLORUNSOGO/OFATEDO,29-09-10-006,"ST. GEORGES R.C.M PRY. SCHOOL, OFATEDO",94,193,61,1,7.769643,4.5107815,1,1,2,1,2
Osun,EJIGBO,IFEODAN 'B'/MASIFA,29-10-08-004,OGURO/IFE ODAN /MASIFA  JUNCTION,191,231,6,0,7.892321,4.2563492,2,2,1,1,2
Osun,EJIGBO,IFEODAN 'B'/MASIFA,29-10-08-002,TEMIDIRE BALOGUN,117,131,4,1,7.894045,4.2581865,1,1,0,2,2
Osun,EJIGBO,ELEJIGBO/AYEGBOGBO,29-10-05-005,DAKOLEBU JUNCTION,170,76,7,1,7.8964509,4.2974547,1,0,0,2,2
Osun,EJIGBO,ELEJIGBO 'D'/EJEMU,29-10-04-008,APANPA AJILA OSUNFIADE,0,0,0,0,7.5128574,4.372894,1,2,0,0,2
Osun,EJIGBO,ELEJIGBO 'D'/EJEMU,29-10-04-003,MAGISTRATE COURT,164,75,1,1,7.5128574,4.372894,2,1,0,2,2
Osun,EJIGBO,ELEJIGBO 'D'/EJEMU,29-10-04-002,OLOWOLA/OLOGBIN,192,85,74,0,7.9027251,4.3150252,0,0,2,0,2
Osun,EJIGBO,ELEJIGBO 'D'/EJEMU,29-10-04-001,OKE BALOGUN BAPT. DAY SCHOOL,210,57,1,0,7.9543857,4.3423962,0,0,2,0,2
Osun,EJIGBO,ELEJIGBO 'C'/MAPO,29-10-03-002,OGBOMOSO MOTOR PARK,171,118,0,0,7.9162259,4.3157467,0,0,2,0,2
Osun,BOLUWADURO,ERIPA,29-05-07-004,POLICE POST,61,163,5,0,7.8040293,4.5557359,2,0,2,2,2
Osun,BOLUWADURO,ERIPA,29-05-07-006,COMMUNITY GRAMMAR SCHOOL,80,140,1,0,7.9433354,4.7383843,0,0,2,0,2
Osun,EJIGBO,ELEJIGBO 'B'/OSOLO,29-10-02-003,"A.U.D.PRY. SCHOOL, II",14,48,4,0,7.8954066,4.3138352,2,0,0,0,2
Osun,EJIGBO,ELEJIGBO 'A',29-10-01-005,BADA SAKASAKA,229,128,10,1,7.9140377,4.3038709,2,0,0,1,2
Osun,BOLUWADURO,OKE-IRUN,29-05-08-004,AJEBANDELE VILLAGE,47,23,0,0,7.9262356,4.8054142,2,1,1,2,2
Osun,EGBEDORE,OKINNI/OLORUNSOGO/OFATEDO,29-09-10-003,OSUN BUKOLA JUNCTION,91,34,30,1,7.8156959,4.5275325,2,0,2,1,2
Osun,IFE CENTRAL,IREMO/AJEBANDELE,29-11-05-006,"O.A.U. QUARTERS, 1ST BUS STOP",80,10,60,0,7.5195943,4.5323669,1,2,2,0,2
Osun,EGBEDORE,OKINNI/OLORUNSOGO/OFATEDO,29-09-10-002,DADA ESTATE OLORUNSOGO,89,18,47,2,7.7912419,4.5204793,1,1,2,2,2
Osun,EGBEDORE,OKINNI/OLORUNSOGO/OFATEDO,29-09-10-001,DADA ESTATE OLORUNSOGO,122,116,102,5,7.7912419,4.5204793,1,1,2,1,2
Osun,EGBEDORE,IWOYE/IDOO/ORIGO,29-09-07-002,IDOO VILLAGE,152,162,6,0,7.7210987,4.372894,2,1,0,1,2
Osun,EGBEDORE,IRA GBERI II,29-09-06-004,"DAODU AREA, IRAGBERI",160,139,1,1,7.7831581,4.3655059,0,1,0,2,2
Osun,EGBEDORE,IRA GBERI II,29-09-06-003,OLOSI AREA IRAGBERI,103,220,5,0,7.7831581,4.3655059,1,2,0,0,2
Osun,EGBEDORE,IRA GBERI II,29-09-06-001,"BAPTIST DAY PRY. SCHOOL, IRAGBERI",108,240,4,0,7.7813259,4.3666383,0,2,0,0,2
Osun,EGBEDORE,IDO-OSUN,29-09-04-005,"COMMUNITY PRY. SCHOOL, EGBEDI",109,152,16,2,7.7993364,4.4719294,2,0,0,1,2
Osun,EGBEDORE,ARA II,29-09-03-003,"BAPTIST DAY PRY SCHOOL, ARA",96,128,20,1,7.8535468,4.3841589,0,1,0,2,2
Osun,EGBEDORE,ARA I,29-09-02-005,ARO ALARA VILLAGE,32,56,0,0,7.8421697,4.3794799,0,2,0,1,2
Osun,EDE SOUTH,LOOGUN,29-08-10-004,"C.A.C PRY. SCHOOL, EGBEDA LOOGUN",105,241,2,0,7.7362614,4.4254837,0,2,0,0,2
Osun,EDE SOUTH,LOOGUN,29-08-10-003,ALADUN OSUN VILLAGE,11,85,0,0,7.6651122,4.387352,1,2,0,1,2
Osun,EDE SOUTH,OLOKI/AKODA,29-08-09-008,"COMMUNITY PRY. SCHOOL, OLUWERE",0,0,0,0,7.7146527,4.4891506,2,1,0,1,2
Osun,EDE SOUTH,OLOKI/AKODA,29-08-09-007,AYEGBAMI VILLAGE,15,76,0,0,7.6644817,4.4490836,0,2,0,2,2
Osun,EJIGBO,IFEODAN 'B'/MASIFA,29-10-08-005,"CO-OP. OFFICE, MASIFA",183,214,4,0,7.8930115,4.257288,2,2,1,0,2
Osun,EJIGBO,IFEODAN 'B'/MASIFA,29-10-08-006,OGURO MARKET SQUARE,81,174,3,0,7.894045,4.2581865,2,1,0,0,2
Osun,EJIGBO,IFEODAN 'B'/MASIFA,29-10-08-007,OGURO-ISANKO POSTAL AGENCY,74,191,1,0,7.9257594,4.2343472,2,0,0,0,2
Osun,EJIGBO,ILAWO/ISOKO/ISUNDUNRIN,29-10-09-001,ILAWO TOWN HALL,68,145,0,1,7.8098173,4.2769281,0,0,1,2,2
Osun,IFE CENTRAL,ILARE IV,29-11-04-013,METHODIST PRY. SCHOOL,91,53,7,0,7.4900329,4.5528526,0,0,0,2,2
Osun,IFE CENTRAL,ILARE IV,29-11-04-012,METHODIST PRY. SCHOOL,135,110,7,15,7.4900329,4.5528526,0,2,0,2,2
Osun,IFE CENTRAL,ILARE IV,29-11-04-010,"A.U.I PRY. SCHOOL,OLAOLU",134,90,12,21,7.4926433,4.5532555,0,0,0,2,2
Osun,IFE CENTRAL,ILARE II,29-11-02-014,OPEN SPACE IBUKUNOLU LINE  I,74,26,6,0,7.5554803,4.5315029,0,1,2,1,2
Osun,IFE CENTRAL,ILARE II,29-11-02-009,"L.A. PRY. SCHOOL, FAJUYI",124,106,30,1,7.4920172,4.5567206,0,2,0,0,2
Osun,IFE CENTRAL,ILARE II,29-11-02-007,OPEN SPACE IREBAMI LINE I,70,49,11,0,7.5554803,4.5315029,0,1,2,1,2
Osun,IFE CENTRAL,ILARE II,29-11-02-005,OPEN SPACE IREBAMI LINE I,49,51,8,0,7.5554803,4.5315029,0,1,2,1,2
Osun,IFE CENTRAL,ILARE II,29-11-02-002,AJEGUNLE OPP. OLOWO IDI-AGBON I,92,51,14,0,7.497986,4.5621556,2,0,1,1,2
Osun,IFE CENTRAL,ILARE II,29-11-02-001,AJEGUNLE OPP. OLOWO IDI-AGBON I,86,89,17,0,7.497986,4.5621556,2,0,1,1,2
Osun,IFE CENTRAL,ILARE I,29-11-01-015,ORANMIYAN GRAMMAR SCHOOL,139,65,18,0,7.494126,4.5541598,0,0,1,2,2
Osun,IFE CENTRAL,ILARE I,29-11-01-013,SIJUWADE NURS/PRY. SCHOOL,186,75,12,0,7.5032013,4.5518856,1,0,1,2,2
Osun,IFE CENTRAL,ILARE I,29-11-01-012,SIJUWADE NURS/PRY. SCHOOL,148,69,17,0,7.5032013,4.5518856,1,0,1,2,2
Osun,IFE CENTRAL,ILARE I,29-11-01-011,SIJUWADE NURS/PRY. SCHOOL,133,39,10,0,7.5032013,4.5518856,1,0,1,2,2
Osun,IFE CENTRAL,ILARE I,29-11-01-009,SIJUWADE NURS/PRY. SCHOOL,144,67,20,0,7.5032013,4.5518856,1,0,1,2,2
Osun,IFE CENTRAL,ILARE I,29-11-01-008,SIJUWADE NURS/PRY. SCHOOL,116,69,24,0,7.5032013,4.5518856,1,0,1,2,2
Osun,IFE CENTRAL,ILARE I,29-11-01-006,SIJUWADE NURS/PRY. SCHOOL,156,66,42,1,7.5032013,4.5518856,1,0,2,1,2
Osun,IFE CENTRAL,ILARE I,29-11-01-005,O.A.U. STAFF  QUARTERS,96,17,45,0,7.5229769,4.512909,0,1,2,2,2
Osun,IFE CENTRAL,ILARE I,29-11-01-004,MOOREMI HIGH SCHOOL,103,39,58,0,7.511715,4.5451936,1,0,2,0,2
Osun,EJIGBO,INISA II/AFAAKE/AYEGUNLE,29-10-11-005,IBOGUNDE,66,63,7,0,7.795973,4.3051542,0,0,2,1,2
Osun,EJIGBO,INISA II/AFAAKE/AYEGUNLE,29-10-11-004,AYEGUNLE KUGBOLA,82,102,0,0,7.8012285,4.3049938,0,2,0,1,2
Osun,EJIGBO,INISA II/AFAAKE/AYEGUNLE,29-10-11-002,BALOGUN OLUKOTUN QUARTERS IWATA,55,134,12,0,7.8646366,4.2891148,2,0,0,0,2
Osun,EJIGBO,INISA II/AFAAKE/AYEGUNLE,29-10-11-001,IWATA MARKET SQUARE,92,133,5,0,7.8646366,4.2891148,2,0,0,0,2
Osun,AYEDIRE,ILEOGBO  IV,29-04-08-004,AYI OPEN SPACE,164,205,6,0,7.6312421,4.2564094,1,2,1,1,2
Osun,EJIGBO,ILAWO/ISOKO/ISUNDUNRIN,29-10-09-010,ISOKO MARKET STALL,97,176,0,0,7.9170688,4.2730802,2,0,0,1,2
Osun,BOLUWADURO,GBELERU OBAALA II,29-05-05-005,ARAGBA VILLAGE,26,12,0,0,7.8828099,4.8054142,1,1,1,2,2
Osun,EJIGBO,ILAWO/ISOKO/ISUNDUNRIN,29-10-09-006,"ISUNDUNRIN BAPT. DAY SCHOOL,",235,142,7,0,7.9159433,4.2770646,1,2,1,2,2
Osun,EJIGBO,ILAWO/ISOKO/ISUNDUNRIN,29-10-09-005,ADEGEEBO/ELEWURE VILLAGE,55,35,0,0,7.861704,4.2435893,2,2,0,0,2
Osun,EDE SOUTH,OLOKI/AKODA,29-08-09-006,OGOBI VILLAGE,38,290,3,0,7.6644817,4.4490836,1,2,0,2,2
Osun,EDE SOUTH,OLOKI/AKODA,29-08-09-005,ELEWURE VILLAGE,14,125,0,0,7.6633842,4.4571268,0,1,0,2,2
Osun,BOLUWADURO,OKE-IRUN,29-05-08-006,IGBO NLA AYETORO,29,40,0,0,7.9262356,4.8054142,2,0,0,1,2
Osun,EDE NORTH,OLUSOKUN,29-07-04-003,KUMOMI JUNCTION COMP.,56,161,0,0,7.7451179,4.5057333,0,1,0,2,2
Osun,EDE NORTH,OLUSOKUN,29-07-04-001,59 ALAKAS COMPOUND,89,160,1,0,7.7451179,4.5057333,0,1,0,2,2
Osun,EDE NORTH,OLOGUN/AGBAAKIN,29-07-03-010,"NO. 10 TAJUDEEN ROAD, AGBABIADA",126,178,0,1,7.7356516,4.4394333,0,0,1,2,2
Osun,EDE NORTH,ABOGUNDE/SAGBA,29-07-02-021,OSORUNDUN COMP.,20,50,0,0,7.7245175,4.4027782,2,1,1,2,2
Osun,BORIPE,OJA - OBA,29-06-02-006,OSOLO HALL IRAGBIJI,257,106,2,0,7.9056559,4.6872779,2,0,1,0,2
Osun,EDE NORTH,ABOGUNDE/SAGBA,29-07-02-005,"L.A. PRY. SCHOOL, ADOGBE",52,49,6,1,7.7389671,4.4258053,0,2,0,2,2
Osun,EDE NORTH,ABOGUNDE/SAGBA,29-07-02-003,FED. POLYTECHNIC IN FRONT OF RAMAT HALL,53,95,33,1,7.7294282,4.4223612,0,2,0,2,2
Osun,EDE NORTH,ABOGUNDE/SAGBA,29-07-02-002,SUFIANU MAIN COMP.,53,156,1,1,7.7245175,4.4027782,1,0,0,2,2
Osun,BORIPE,COLLEGE/EGBADA ROAD,29-06-03-001,"METHODIST PRYMARY SCHOOL, IRAGBIJI",256,71,0,0,7.8997852,4.6991428,2,0,0,1,2
Osun,BORIPE,OKE AREE,29-06-11-007,"BAPTIST PRY. SCHOOL, IREE",113,93,3,0,7.9386342,4.7338566,0,0,2,0,2
Osun,BORIPE,OKE AREE,29-06-11-006,"IYAJI ASALU, IREE",105,90,5,1,7.9420115,4.7316332,0,0,2,2,2
Osun,BORIPE,OKE AREE,29-06-11-005,"IYAJI LAGBEDU, IREE",121,148,3,0,7.9420115,4.7316332,0,0,2,0,2
Osun,BORIPE,OKE AREE,29-06-11-003,"OLD POST OFFICE, IREE",58,72,4,0,7.9420115,4.7316332,0,0,2,0,2
Osun,BORIPE,OKE AREE,29-06-11-002,"COURT HALL, IREE",92,88,6,0,8.0197744,4.6730947,0,2,0,0,2
Osun,BORIPE,OKE ESA/OKE OGI,29-06-10-007,ANWAR ULDEEN SCHOOL IREE,79,121,0,0,7.946404,4.722843,0,0,2,1,2
Osun,BORIPE,OKE ESA/OKE OGI,29-06-10-003,"N.U.D. PRY. SCHOOL, IREE",49,67,6,0,7.8998575,4.6926794,2,0,0,1,2
Osun,BORIPE,OKE ESA/OKE OGI,29-06-10-002,"DISPENSARY CENTRE, IREE",95,135,3,0,7.942495,4.725517,0,0,2,1,2
Osun,BORIPE,ISALE ASA IREE,29-06-09-008,"BAPTIST WELFARE CENTRE, IREE",71,103,12,0,7.9349237,4.7258235,0,2,0,1,2
Osun,BORIPE,ADA II,29-06-08-004,OBADA MARKET  SQ.,89,87,3,0,7.8943699,4.7432763,2,0,0,0,2
Osun,BORIPE,COLLEGE/EGBADA ROAD,29-06-03-006,AYEKALE VILLAGE,222,29,0,0,7.8412435,4.6638764,2,1,2,2,2
Osun,BORIPE,ADA I,29-06-07-004,"JAGUN OSOLO, ADA",143,130,2,1,7.9056559,4.6872779,1,0,1,2,2
Osun,BORIPE,ADA I,29-06-07-001,ST. ANDREW PRY. SCHOOL ADA,209,147,10,0,7.8955461,4.7050452,2,0,1,0,2
Osun,BORIPE,AGBA,29-06-05-007,OLUKORO VILLAGE,54,75,0,0,7.8987758,4.7135268,0,2,0,0,2
Osun,BORIPE,AGBA,29-06-05-001,HOLY APOSTLE AAGBA,150,171,6,1,7.8987758,4.7135268,0,0,0,2,2
Osun,BORIPE,ISALE-OYO,29-06-04-005,ALADE MARKET,276,92,0,0,7.8543365,4.6837934,2,0,2,1,2
Osun,BORIPE,ISALE-OYO,29-06-04-003,K  & S PRY. SCHOOL,247,70,1,0,7.8543365,4.6837934,2,0,1,1,2
Osun,BORIPE,ISALE-OYO,29-06-04-002,PRY. HEALTH CENTRE,252,86,1,0,7.8543365,4.6837934,2,0,1,1,2
Osun,BORIPE,ISALE-OYO,29-06-04-001,"N.U.D. PRIMARY SCHOOL, IRAGBIJI",237,52,3,0,7.8998575,4.6926794,2,0,0,1,2
Osun,EDE NORTH,OLUSOKUN,29-07-04-002,BARA OKUSEHINDE COMPOUND,80,235,5,2,7.7451179,4.5057333,0,2,0,2,2
Osun,EDE NORTH,OLUSOKUN,29-07-04-006,ABERE I,91,156,26,2,7.7451179,4.5057333,0,1,1,2,2
Osun,EDE SOUTH,OLOKI/AKODA,29-08-09-003,"ISLAMIC PRY. SCHOOL, OLORUNDA I",21,90,4,0,7.6369854,4.4673434,0,0,0,2,2
Osun,EDE NORTH,OLUSOKUN,29-07-04-008,IFAOSUN,42,163,9,0,7.7451179,4.5057333,0,1,0,2,2
Osun,EDE SOUTH,OLOKI/AKODA,29-08-09-001,AKODA VILLAGE,76,225,38,0,7.6799437,4.4587355,2,2,1,2,2
Osun,EDE SOUTH,SEKONA,29-08-08-008,"MATERNITY CENTRE, ERE-OSUN",25,92,0,0,7.6252616,4.4398681,0,2,0,0,2
Osun,EDE SOUTH,SEKONA,29-08-08-004,"C.A.C. PRY. SCHOOL, SEKONA",91,184,9,0,7.6055739,4.5241935,1,0,2,1,2
Osun,EDE SOUTH,SEKONA,29-08-08-003,"OKE-OJA JUNCTION, SEKONA",92,182,1,1,7.6267651,4.433644,1,0,0,2,2
Osun,EDE SOUTH,BABASANYA,29-08-07-003,"MOSA/ONIDODO, EDE",0,0,0,0,7.7316888,4.4358752,0,2,0,0,2
Osun,EDE SOUTH,BABASANYA,29-08-07-002,AGBANU'S COMP. EDE,111,225,5,2,7.7325446,4.4349161,2,2,0,1,2
Osun,EDE SOUTH,BABASANYA,29-08-07-001,BABASANYA COMP. EDE,80,246,2,0,7.7316888,4.4358752,0,2,0,0,2
Osun,EDE SOUTH,OLODAN,29-08-06-001,IDI-ORO VILLAGE,41,98,0,0,7.6368422,4.5057333,0,2,0,1,2
Osun,BORIPE,OLOTI IRAGBIJI,29-06-01-005,OKE - AGBO,245,68,1,0,7.9050865,4.6842259,2,0,1,0,2
Osun,BORIPE,OLOTI IRAGBIJI,29-06-01-006,AROMADU I,252,117,1,0,7.9166669,4.6915484,2,0,1,2,2
Osun,EDE SOUTH,JAGUN/JAGUN ,29-08-03-004,"42, OTEPE COMP. AGBANGUDU",101,233,7,0,7.669928,4.4293024,2,1,0,1,2
Osun,BORIPE,OJA - OBA,29-06-02-001,ARUGBA OJOMU SQUARE IRAGBIJI,239,28,0,0,7.9037937,4.6896095,2,0,0,0,2
Osun,EDE SOUTH,KUYE,29-08-02-002,"KUYE'S COMPOUND, EDE",126,233,0,0,7.7304127,4.4377033,0,2,0,1,2
Osun,EDE SOUTH,BABANLA/AGATE,29-08-01-004,ALUKAGUN COMP. EDE,90,245,6,0,7.7220018,4.4353065,0,2,0,1,2
Osun,BORIPE,OJA - OBA,29-06-02-002,TOWN HALL IRAGBIJI,252,57,2,0,7.8985971,4.7015076,2,0,0,1,2
Osun,EDE NORTH,APASO,29-07-09-005,AGBOJA COMP.,92,196,2,1,7.7411494,4.4317144,0,1,0,2,2
Osun,EDE NORTH,ISIBO/BUARI-ISOLA,29-07-08-008,SOORO/ABANGBE INF. OF MOSQUE,58,126,1,1,7.7359858,4.4379687,0,0,0,2,2
Osun,EDE NORTH,SABO/AGBONGBE II,29-07-07-010,MAPO AROGUN COMM. HIGH SCHOOL,93,220,20,2,7.7564943,4.4542311,0,1,1,2,2
Osun,EDE NORTH,SABO/AGBONGBE II,29-07-07-003,GARAGE ENTRANCE OKE GADA OPEN SQUARE,53,149,3,0,7.7499023,4.4365883,0,1,0,2,2
Osun,EDE NORTH,SABO/AGBONGBE II,29-07-07-001,BESIDE EBELOMO IND.,50,0,14,127,7.7564943,4.4542311,0,2,0,1,2
Osun,EDE NORTH,SABO/AGBONGBE I,29-07-06-006,OSUN AGBENI JUNCTION,113,160,5,0,7.7095147,4.4575071,0,1,2,0,2
Osun,EDE NORTH,SABO/AGBONGBE I,29-07-06-004,OPEN SPACE BETH-AFRICA CHURCH SCHOOL,81,145,9,0,7.7465411,4.4342872,0,0,2,0,2
Osun,BORIPE,OJA - OBA,29-06-02-004,JAGUN HALL IRAGBIJI,270,75,0,0,7.903845,4.6869235,2,0,1,0,2
Osun,EDE NORTH,ALUSEKERE,29-07-05-003,"L.A. PRY. SCHOOL, ALUSEKERE",100,304,3,0,7.7389671,4.4258053,1,2,1,1,2
Osun,BORIPE,OJA - OBA,29-06-02-005,TINUBU FAGBEMI IRAGBIJI,254,70,0,0,7.9037937,4.6896095,2,0,0,0,2
Osun,EDE NORTH,OLUSOKUN,29-07-04-010,IDIOMO APENA COMPD.,150,261,4,0,7.7451179,4.5057333,1,2,1,2,2
Osun,EDE NORTH,OLUSOKUN,29-07-04-009,OLUSOKUN COMPD.,139,236,4,5,7.7451179,4.5057333,1,2,1,1,2
Osun,IFE CENTRAL,IREMO/AJEBANDELE,29-11-05-004,FAJUYI HALL O.A.U,33,8,58,0,7.517677,4.5176115,2,2,2,1,2
Osun,IFE CENTRAL,IREMO/AJEBANDELE,29-11-05-007,"O.A.U. QUARTERS, 2ND BUS STOP",81,16,78,0,7.5195943,4.5323669,1,1,2,0,2
Osun,BORIPE,COLLEGE/EGBADA ROAD,29-06-03-009,"L.A. SCHOOL, EESADEE",320,67,0,0,7.8358911,4.6347041,2,2,2,2,2
Osun,IFE NORTH,EDUNABON  I,29-15-02-006,TONKERE ORILE/IDI OGBAGBA,34,57,0,0,7.6151594,4.5086065,0,2,0,1,2
Osun,AYEDAADE,ANLUGBUA,29-03-10-015,"GBONA, GBONNA VILLAGE",83,130,1,0,7.2125391,4.3256918,0,2,1,1,2
Osun,IFE SOUTH,IKIJA  I,29-16-02-003,"IFETEDO HIGH SCHOOL II, IFETEDO",20,45,2,0,7.1951967,4.7059303,1,1,2,0,2
Osun,IFE SOUTH,AYESAN,29-16-01-001,AYESAN COMPOUND,49,127,7,1,7.2093149,4.6553679,0,0,0,2,2
Osun,IFE NORTH,OYERE - II,29-15-10-006,"CHRIST CHURCH SCHOOL, ABORISAADE I",118,105,9,5,7.1364283,4.4182089,0,0,2,2,2
Osun,AYEDAADE,ANLUGBUA,29-03-10-018,"ALAGBEDE, ALAGBEDE VILLAGE",29,24,1,0,7.2165932,4.3412607,1,2,1,2,2
Osun,IFE NORTH,MORO,29-15-08-001,"DISPENSARY CENTRE, MORO",62,76,9,0,7.346091,4.1692203,0,0,2,1,2
Osun,AYEDAADE,ANLUGBUA,29-03-10-020,"ALAGUNTAN, ALAGUNTAN VILLAGE",58,7,2,0,7.2125391,4.3256918,0,2,1,1,2
Osun,IFE NORTH,IPETUMODU  I,29-15-06-004,ISALE OLA/DELE,108,102,13,1,7.4973729,4.4027782,0,0,0,2,2
Osun,IFE NORTH,YAKOYO,29-15-05-005,"ST. JOHN'S SCHOOL, AYEDAADE",80,96,9,1,7.2022656,4.2743628,0,0,1,2,2
Osun,IFE NORTH,YAKOYO,29-15-05-002,"L.A. SCHOOL, OKE-OSIN",104,67,6,1,7.6664084,4.6201795,0,0,0,2,2
Osun,AYEDIRE,OLUPONNA  1,29-04-01-005,OLUPONNA TOWN HALL II,91,157,12,0,7.6052968,4.1893787,2,1,0,1,2
Osun,IFE NORTH,EDUNABON  I,29-15-02-009,"C.A.C. SCHOOL, EDUNABON  I",58,83,1,0,7.5254046,4.4556387,0,0,2,0,2
Osun,IFE NORTH,EDUNABON  I,29-15-02-007,OLOBA/BALOGUN,0,0,0,0,7.5829793,4.4851265,2,1,1,1,2
Osun,IFE NORTH,ASIPA/AKINLALU,29-15-01-007,"ST. STEPHEN'S SCHOOL, AKINLALU",177,109,5,1,7.4647768,4.4191332,0,0,0,2,2
Osun,IFE CENTRAL,IREMO/AJEBANDELE,29-11-05-009,OBAGBILE (O.A.U FARM),62,5,53,0,7.5174314,4.5227636,1,2,2,0,2
Osun,IFELODUN,EKOENDE/EKO AJALA,29-14-12-004,ALONG ORE/EKE ENDE HIGH SCHOOL,86,136,0,1,7.9449126,4.5934,0,0,1,2,2
Osun,IFELODUN,OLONDE IKIRUN,29-14-08-006,IDI ESU SHRINE/IDI ESU I,176,93,8,1,7.9154972,4.6747473,0,0,0,2,2
Osun,IFELODUN,OLONDE IKIRUN,29-14-08-001,"IRAGBIJI RD., IKIRUN/HOLY MICHAEL PRY. SCH I",0,0,0,0,7.9154972,4.6747473,2,0,0,0,2
Osun,IFELODUN,OKEBA IKIRUN,29-14-07-005,SAVIOUR'S PRY. SCHOOL II,83,97,3,0,7.938852,4.6502012,2,2,0,1,2
Osun,IFELODUN,OKEBA IKIRUN,29-14-07-002,ESORUN SQUARE II,129,77,2,0,7.938852,4.6502012,1,2,0,1,2
Osun,IFELODUN,IKIRUN RURAL,29-14-05-004,OLUODE MARKET SQUARE,45,70,0,0,7.7763132,4.5595832,2,0,0,0,2
Osun,IFELODUN,IKIRUN RURAL,29-14-05-003,FED. GOVT. COLLEGE IKIRUN,111,141,7,0,7.8954243,4.6439793,0,1,2,1,2
Osun,AYEDIRE,OLUPONNA  1I,29-04-02-003,OJISUN OPEN SPACE,161,225,2,0,7.6033521,4.1867673,1,1,1,2,2
Osun,IFELODUN,AMOLA IKIRUN,29-14-02-001,"OLD IRAGBIJI ROAD/AFRICAN CHURCH, GRAMM. SCHOOL, IKIRUN",152,147,9,1,7.909144,4.6742807,0,0,2,2,2
Osun,IFE EAST,MODAKEKE  III,29-13-10-005,"COMM. PRY SCHOOL, OKE-OLA  I",140,65,16,0,7.4858886,4.5328367,2,1,0,1,2
Osun,IFE EAST,MODAKEKE  III,29-13-10-004,"C.A.C PRY. SCHOOL, ONDO ROAD",0,0,0,0,7.482357,4.5363665,1,2,1,2,2
Osun,AYEDIRE,OLUPONNA  1I,29-04-02-004,ODE OTE/EJEMU MARKET,78,70,0,0,7.6101992,4.1949013,2,2,0,1,2
Osun,IFE EAST,MODAKEKE  II,29-13-09-009,"PRY. HEALTH CENTRE  I, OKE BODE",177,23,10,0,7.464917,4.5293015,1,0,0,2,2
Osun,IFE SOUTH,IKIJA  II,29-16-03-003,"C.A.C. PRY. SCHOOL II, IFETEDO",57,76,7,0,7.193975,4.675991,0,0,2,1,2
Osun,IFE SOUTH,IKIJA  II,29-16-03-005,"COMMUNITY PRY. SCHOOL, MOSAFEJO  II",16,22,4,0,7.2357189,4.70189,2,2,2,1,2
Osun,IFE SOUTH,AARE,29-16-04-006,AYETORO IFETEDO,133,120,8,1,7.1833563,4.6980117,2,0,0,2,2
Osun,IFE SOUTH,OKE OWENA,29-16-06-001,ALABAMETA PRY. SCHOOL,106,122,4,1,7.1483808,4.5236495,0,0,0,2,2
Osun,ILESA EAST,IMO,29-18-02-002,KAJOLA JUNCTION II,99,103,21,0,7.6280908,4.766446,0,0,2,1,2
Osun,ILESA EAST,IMO,29-18-02-001,KAJOLA JUNCTION I,93,51,35,0,7.6280908,4.766446,0,0,2,1,2
Osun,AYEDAADE,ODE-OMU RURAL,29-03-08-002,"D.C. SCHOOL, LASOLEI, LASOLE VILLAGE",70,1,0,0,7.5412444,4.3934376,0,2,0,1,2
Osun,ILA,IPERIN,29-17-06-016,OMOTOSHO VILLAGE BUS STOP,71,106,12,0,8.0334483,4.9298999,0,0,2,1,2
Osun,ILA,IPERIN,29-17-06-013,MECHANIC WORKSHOP,114,141,4,0,8.0334483,4.9298999,2,0,0,1,2
Osun,ILA,IPERIN,29-17-06-012,KOLAWOLE JUNCTION,118,120,0,0,8.0334483,4.9298999,2,0,0,1,2
Osun,ILA,IPERIN,29-17-06-009,SAKA JANGI I,132,175,3,0,8.0334483,4.9298999,2,0,0,1,2
Osun,AYEDAADE,OBALUFON,29-03-09-009,"ATOBA VILLAGE, ATOBA VILLAGE",18,14,1,0,7.2156619,4.3685574,2,2,2,2,2
Osun,ILA,EJIGBO  III,29-17-03-007,OGUNLADE JUNCTION,175,294,12,0,8.0045209,4.8924854,1,1,1,2,2
Osun,ILA,EJIGBO  III,29-17-03-003,AJABA JUNCTION,151,228,6,0,8.0015687,4.8676221,0,2,1,1,2
Osun,ILA,EJIGBO  II,29-17-02-002,COOPERATIVE STORE I,100,140,7,0,8.014422,4.9029895,0,0,2,1,2
Osun,ILA,EJIGBO  I,29-17-01-013,ARAROMI II,51,70,0,0,8.0290542,4.8416936,0,2,0,0,2
Osun,ILA,EJIGBO  I,29-17-01-006,POST OFFICE,51,52,0,0,8.0290542,4.8416936,0,2,0,0,2
Osun,ILA,EJIGBO  I,29-17-01-001,"BAPTIST PRY. SCHOOL, OKE EJIGBO I",109,106,1,0,7.868332,4.202408,0,0,0,2,2
Osun,AYEDAADE,OBALUFON,29-03-09-010,"ABEWELA VILLAGE, ABEWELA VILLAGE",58,114,2,0,7.138339,4.2128337,0,2,0,0,2
Osun,IFE SOUTH,ABIRI OGUDU,29-16-10-008,COOP. STORE OGOGO AROWO KOMO,40,48,0,6,7.4848833,4.6285509,0,1,0,2,2
Osun,IFE SOUTH,ABIRI OGUDU,29-16-10-005,"COOP. STORE AREA, TOBA",43,36,18,0,7.4848833,4.6285509,0,0,1,2,2
Osun,IFE SOUTH,ABIRI OGUDU,29-16-10-001,"COOP. STORE AREA, ABIRI VILLAGE",114,90,38,5,7.4848833,4.6285509,0,1,1,2,2
Osun,AYEDAADE,ANLUGBUA,29-03-10-003,"FARM SETTLEMENT, FARM SETTLEMENT, ORILEOWU",117,83,9,1,7.2484451,4.3324324,0,0,1,2,2
Osun,IFE SOUTH,KERE,29-16-09-003,OLOMU OJA,154,40,4,1,7.199844,4.4641114,2,0,0,2,2
Osun,AYEDAADE,ANLUGBUA,29-03-10-013,"MOTAKO II, MOTAKO VILLAGE",7,10,0,0,7.2812468,4.2960112,1,1,2,2,2
Osun,IFE SOUTH,OSI,29-16-08-006,"ABA JOSHUA PRY. SCHOOL, ABA JOSHUA II",0,0,0,0,7.253574,4.5315029,1,2,0,0,2
Osun,IFE SOUTH,OSI,29-16-08-004,"MATERNITY CENTRE, ISOYA",88,103,3,0,7.253574,4.5315029,1,2,1,0,2
Osun,IFE SOUTH,OSI,29-16-08-003,ANDU MATERNITY ANDU,56,16,1,0,7.253574,4.5315029,1,2,0,0,2
Osun,IFE SOUTH,OLODE,29-16-07-010,"UNITED L.A. SCHOOL, LABATA",69,110,5,0,7.3243901,4.6691548,0,2,0,0,2
Osun,IFE SOUTH,OLODE,29-16-07-005,"A.U.D. PRY. SCHOOL, OLODE I",172,144,7,0,7.1804742,4.7007588,2,0,0,1,2
Osun,AYEDAADE,ANLUGBUA,29-03-10-014,"OPE AYOOLA, OPE AYOOLA VILLAGE",21,9,1,0,7.2002947,4.3323521,1,2,2,2,2
Osun,IFE EAST,MODAKEKE  II,29-13-09-005,"ST. STEPHEN 'A' PRY. SCHOOL, ITASIN AREA",0,0,0,0,7.4777,4.5457,2,1,0,0,2
Osun,AYEDIRE,OLUPONNA  1II,29-04-03-004,"SAINT JOHN'S SCHOOL, WAASINMI",87,119,0,0,7.5536917,4.166734,2,0,0,1,2
Osun,IFE EAST,MODAKEKE  II,29-13-09-002,AKODI ONILE ARAN ,119,92,0,0,7.471757,4.5340805,1,1,0,2,2
Osun,IFE CENTRAL,MOORE OJAJA,29-11-11-019,MOORE,77,21,19,0,7.5174356,4.5114744,0,1,2,2,2
Osun,IFE CENTRAL,MOORE OJAJA,29-11-11-014,ALAKOWE,42,37,12,0,7.5174356,4.5114744,0,1,2,2,2
Osun,IFE CENTRAL,MOORE OJAJA,29-11-11-013,OPA AREA,154,56,49,0,7.5174356,4.5114744,0,1,1,2,2
Osun,IFE CENTRAL,MOORE OJAJA,29-11-11-012,IFE CITY AREA II,135,67,25,0,7.5174356,4.5114744,0,1,1,2,2
Osun,IFE CENTRAL,MOORE OJAJA,29-11-11-011,IKOYI QUARTERS,92,46,17,0,7.512266,4.575672,2,0,1,2,2
Osun,IFE CENTRAL,MOORE OJAJA,29-11-11-010,IFEDAPO STREET,91,60,40,0,7.4650198,4.5724828,0,0,2,1,2
Osun,IFE CENTRAL,MOORE OJAJA,29-11-11-007,"OPP. PAPA OWOYOMI, OJAJA LINE I",104,75,7,0,7.5174356,4.5114744,0,1,1,2,2
Osun,IFE CENTRAL,MOORE OJAJA,29-11-11-006,AFTER POLICE STATION,127,63,12,0,7.5174356,4.5114744,0,1,1,2,2
Osun,IFE CENTRAL,MOORE OJAJA,29-11-11-004,AGBEDE AREA,132,166,0,0,7.5554803,4.5315029,0,2,0,1,2
Osun,IFE CENTRAL,MOORE OJAJA,29-11-11-002,AGBEDEGBEDE STREET,102,26,0,0,7.5174356,4.5114744,0,1,1,2,2
Osun,IFE CENTRAL,MOORE OJAJA,29-11-11-001,IFE CITY HALL AREA I,90,0,5,35,7.5174356,4.5114744,0,1,2,2,2
Osun,IFE CENTRAL,AKARABATA,29-11-10-011,FRONTAGE OF WATER CORPORATION,52,21,8,0,7.4879839,4.5364979,0,1,2,1,2
Osun,IFE CENTRAL,AKARABATA,29-11-10-005,URBAN DAY GRAMMAR SCHOOL,44,30,17,0,7.4881889,4.5323517,0,2,2,1,2
Osun,IFE CENTRAL,IREMO III,29-11-07-014,OPEN SPACE LONDON STREET,0,0,0,0,7.4882782,4.5535328,0,0,2,2,2
Osun,IFE CENTRAL,IREMO III,29-11-07-011,AKODI JARAN ARINLOYE,59,44,1,0,7.4870951,4.5514827,0,1,2,0,2
Osun,IFE CENTRAL,IREMO III,29-11-07-003,RECREATION CLUB,88,19,32,0,7.4869284,4.548769,0,2,2,0,2
Osun,IFE CENTRAL,IREMO II (ELEYELE),29-11-06-015,TOWN PLANNING OFFICE,112,27,42,1,7.4986919,4.5392361,0,1,2,0,2
Osun,AYEDIRE,ILEOGBO  I,29-04-05-004,"N.U. D. SCHOOL, ILEOGBO I",158,65,6,0,7.6314425,4.2358987,1,2,0,1,2
Osun,IFE CENTRAL,IREMO II (ELEYELE),29-11-06-008,IFE GIRLS HIGH SCHOOL,112,56,37,2,7.4927361,4.5442311,1,2,2,1,2
Osun,IFE CENTRAL,IREMO II (ELEYELE),29-11-06-007,FRONTAGE NITEL,74,35,22,0,7.4986919,4.5392361,0,1,2,0,2
Osun,IFE CENTRAL,IREMO II (ELEYELE),29-11-06-005,LIVING HOPE HOSPITAL,121,59,70,1,7.4959559,4.5438695,0,1,2,0,2
Osun,AYEDIRE,ILEOGBO  I,29-04-05-005,"N.U. D. SCHOOL, ILEOGBO II",110,48,0,0,7.6152617,4.2307723,1,2,0,1,2
Osun,IFE CENTRAL,IREMO II (ELEYELE),29-11-06-001,OPEN SPACE MAYFAIR JUNCTION,68,27,42,0,7.4910797,4.5342582,0,1,2,0,2
Osun,IFE CENTRAL,IREMO/AJEBANDELE,29-11-05-014,"SPORTS CENTRE, O.A.U",35,3,32,0,7.5174314,4.5227636,2,2,2,1,2
Osun,AYEDIRE,ILEOGBO  III,29-04-07-002,IDI-OGUN OPEN SPACE,133,229,0,0,7.6069732,4.248717,1,2,0,1,2
Osun,IFE CENTRAL,IREMO/AJEBANDELE,29-11-05-012,"OPEN SPACE FALAJU STREET, EDE-ROAD",76,27,18,0,7.4941238,4.527211,0,2,2,0,2
Osun,IFE CENTRAL,IREMO/AJEBANDELE,29-11-05-011,"L.A. PRY. SCHOOL, ELEFON",105,47,1,0,7.4959017,4.4997979,0,1,2,1,2
Osun,AYEDIRE,ILEOGBO  IV,29-04-08-002,"AFRICAN CHURCH AREA, OPEN SPACE",145,221,2,0,7.6312421,4.2564094,1,2,0,1,2
Osun,IFE CENTRAL,MOORE OJAJA,29-11-11-015,ERE-OLA,144,54,42,0,7.5174356,4.5114744,0,1,2,2,2
Osun,AYEDIRE,ILEOGBO  I,29-04-05-001,IDI ORE MARKET,239,101,0,0,7.6314425,4.2358987,2,0,0,1,2
Osun,IFE EAST,MODAKEKE I,29-13-08-008,"ST. STEPHEN 'C' PRY. SCHOOL, ADEOWO",252,81,23,2,7.4554641,4.5443923,2,1,1,1,2
Osun,IFEDAYO,ISINMI,29-12-03-003,ABA OLUODE,103,139,4,1,7.9945904,4.9974461,0,0,1,2,2
Osun,IFE EAST,MODAKEKE I,29-13-08-007,"SALEM BAP. PRY. SCHOOL, IRAYE AREA",128,47,16,0,7.4554641,4.5443923,1,0,1,2,2
Osun,IFE EAST,MODAKEKE I,29-13-08-006,"BOOSA MARKET, BOOSA MARKET",195,64,3,0,7.4678,4.5527,1,1,2,1,2
Osun,IFE EAST,MODAKEKE I,29-13-08-005,"COMM. GRAMMAR SCHOOL, TORO ROAD",234,72,26,2,7.4554641,4.5443923,2,1,1,1,2
Osun,IFE EAST,MODAKEKE I,29-13-08-004,SALVATION ARMY PRY. AJE ROAD,155,109,9,0,7.4554641,4.5443923,1,0,1,2,2
Osun,AYEDIRE,OKE-OSUN,29-04-04-001,"CHRIST ANGLICAN SCHOOL, ELESIN",145,157,0,0,7.5383485,4.2718177,0,2,1,1,2
Osun,IFE EAST,OKEREWE  III,29-13-06-008,"IFELODUN COMM. PRY. SCHOOL, ONDO ROAD",180,155,42,0,7.4567293,4.5564025,2,1,1,1,2
Osun,IFE EAST,OKEREWE  III,29-13-06-003,"AKODI LOWA OMISORE, OGBON-OYA",157,78,11,1,7.4201678,4.5676009,0,0,0,2,2
Osun,IFE EAST,OKEREWE  III,29-13-06-001,"ST. PETERS GRAM. SCHOOL, ONDO ROAD",116,127,16,0,7.4618616,4.5500684,2,1,2,1,2
Osun,IFE EAST,OKEREWE  II,29-13-05-005,AKODI LADELATAN LAFOGIDO STREET,107,103,4,1,7.4802556,4.5605083,0,2,0,2,2
Osun,AYEDIRE,OKE-OSUN,29-04-04-005,"N.U.D. SCHOOL, ILEIRAN",139,201,0,0,7.5581613,4.264103,0,2,1,1,2
Osun,IFE EAST,OKEREWE  I,29-13-04-007,"AKODI ADAGBA, ADEGOKE STREET",108,142,21,0,7.4415278,4.5882392,0,2,0,0,2
Osun,AYEDIRE,OKE-OSUN,29-04-04-009,OLORUNDA MARKET,17,14,0,0,7.5581613,4.264103,1,1,2,2,2
Osun,IFE EAST,ILODE  II,29-13-03-006,"OONI GIRLS' HIGH SCHOOL, OKE-OGBO",182,146,45,3,7.470501,4.5749393,1,1,2,1,2
Osun,IFE EAST,ILODE  II,29-13-03-002,"LOCAL AUTHORIY PRY. SCHOOL, MOSARAJO VILLAGE",83,42,7,1,7.4682343,4.6140481,0,0,1,2,2
Osun,IFE EAST,ILODE  II,29-13-03-001,"CATHOLIC TECHNICAL COLLEGE, ILODE",180,109,29,2,7.4822447,4.5756575,0,0,2,1,2
Osun,IFE EAST,ILODE  I,29-13-02-007,AKODI JETAO OPP. ENUWA SQUARE,0,0,10,0,7.4808704,4.5663113,2,0,0,0,2
Osun,IFE EAST,MOORE,29-13-01-010,"OPA  AREA, ILESHA ROAD",201,117,83,0,7.4961974,4.5684936,1,1,1,2,2
Osun,IFE EAST,MOORE,29-13-01-008,"ABA OMPETU, OMPETU VILLAGE",39,23,1,0,7.4357606,4.6243751,0,2,0,0,2
Osun,IFE EAST,MOORE,29-13-01-005,"L.A. PRY. SCHOOL, IJIO, OJA IFE",206,101,11,0,7.4955493,4.5000978,0,2,1,1,2
Osun,AYEDIRE,OKE-OSUN,29-04-04-010,LAITAN VILLAGE,32,9,0,0,7.5581613,4.264103,1,1,2,2,2
Osun,IFE EAST,MOORE,29-13-01-002,IFE CITY COLLEGE II ILESHA ROAD,116,72,58,4,7.5084543,4.5801803,1,0,2,1,2
Osun,IFE EAST,MOORE,29-13-01-001,IFE CITY COLLEGE I ILESHA ROAD,146,77,87,2,7.5084543,4.5801803,0,0,2,1,2
Osun,IFEDAYO,TEMIDIRE,29-12-10-003,"COMM. PRY. SCHOOL, I TEMIDIRE",17,29,0,0,7.9915283,5.0260479,2,1,2,2,2
Osun,IFEDAYO,ASAONI,29-12-07-004,OKE YARD ORA II,21,16,2,0,8.0360335,5.0533632,2,1,1,2,2
Osun,IFEDAYO,AWORO/OKE-ILA RURAL,29-12-06-007,ENSINKIN VILLAGE,15,35,0,0,7.9890943,5.0026454,1,1,2,1,2
Osun,AYEDIRE,OKE-OSUN,29-04-04-011,AJEBANDELE VILLAGE,28,10,0,0,7.5581613,4.264103,1,1,2,2,2
Osun,IFEDAYO,OBAALE,29-12-05-001,BAPTIST PRY. SCHOOL I,75,124,0,1,7.9493321,4.9884704,0,0,0,2,2
Osun,IFE NORTH,IPETUMODU  II,29-15-07-010,"AMULIE, IPETUMODU",0,97,11,1,7.5158343,4.44651,0,0,0,2,2
